"clang","test/CMakeFiles/unit.infra.common_reference.exe.dir/Debug/unit/infra/common_reference.cpp.o",453236,420219,126152
"clang","test/CMakeFiles/unit.infra.concepts.exe.dir/Debug/unit/infra/concepts.cpp.o",631106,590034,133920
"clang","test/CMakeFiles/unit.infra.field.exe.dir/Debug/unit/infra/field.cpp.o",524349,475410,128848
"clang","test/CMakeFiles/unit.infra.containers.exe.dir/Debug/unit/infra/containers.cpp.o",1002158,935148,150436
"clang","test/CMakeFiles/unit.infra.get_helper.exe.dir/Debug/unit/infra/get_helper.cpp.o",957357,894400,150440
"clang","test/CMakeFiles/unit.infra.identifier.exe.dir/Debug/unit/infra/identifier.cpp.o",933583,880550,149716
"clang","test/CMakeFiles/unit.infra.projection_map.exe.dir/Debug/unit/infra/projection_map.cpp.o",502274,460335,128352
"clang","test/CMakeFiles/unit.infra.make_streamable.exe.dir/Debug/unit/infra/make_streamable.cpp.o",946887,876896,150360
"clang","test/CMakeFiles/unit.infra.std_type_traits.exe.dir/Debug/unit/infra/std_type_traits.cpp.o",491793,447812,127268
"clang","test/CMakeFiles/unit.infra.str.exe.dir/Debug/unit/infra/str.cpp.o",613057,565053,131512
"clang","test/CMakeFiles/unit.record.algo.apply.exe.dir/Debug/unit/record/algo/apply.cpp.o",959440,896477,149516
"clang","test/CMakeFiles/unit.record.algo.as_flat_ptr.exe.dir/Debug/unit/record/algo/as_flat_ptr.cpp.o",770067,722063,138968
"clang","test/CMakeFiles/unit.record.algo.back_front.exe.dir/Debug/unit/record/algo/back_front.cpp.o",649155,606145,134372
"clang","test/CMakeFiles/unit.record.algo.cartesian_product.exe.dir/Debug/unit/record/algo/cartesian_product.cpp.o",1363933,1291937,164304
"clang","test/CMakeFiles/unit.record.algo.cat.exe.dir/Debug/unit/record/algo/cat.cpp.o",979732,919688,142012
"clang","test/CMakeFiles/unit.record.algo.chunks.exe.dir/Debug/unit/record/algo/chunks.cpp.o",1341777,1265790,164184
"clang","test/CMakeFiles/unit.record.algo.compress.exe.dir/Debug/unit/record/algo/compress.cpp.o",1395865,1308874,162880
"clang","test/CMakeFiles/unit.record.algo.extract.exe.dir/Debug/unit/record/algo/extract.cpp.o",801507,746473,138012
"clang","test/CMakeFiles/unit.record.algo.contains.exe.dir/Debug/unit/record/algo/contains.cpp.o",1065533,1008558,153340
"clang","test/CMakeFiles/unit.record.algo.filter.exe.dir/Debug/unit/record/algo/filter.cpp.o",1047898,992904,156756
"clang","test/CMakeFiles/unit.record.algo.filter_not.exe.dir/Debug/unit/record/algo/filter_not.cpp.o",1148322,1080363,159500
"clang","test/CMakeFiles/unit.record.algo.fold.exe.dir/Debug/unit/record/algo/fold.cpp.o",842053,790050,140068
"clang","test/CMakeFiles/unit.record.algo.for_each.exe.dir/Debug/unit/record/algo/for_each.cpp.o",756860,701871,137248
"clang","test/CMakeFiles/unit.record.algo.flatten.exe.dir/Debug/unit/record/algo/flatten.cpp.o",2129765,2008779,195776
"clang","test/CMakeFiles/unit.record.algo.inner_product.exe.dir/Debug/unit/record/algo/inner_product.cpp.o",574073,525067,129756
"clang","test/CMakeFiles/unit.record.algo.locate.exe.dir/Debug/unit/record/algo/locate.cpp.o",554531,512567,130020
"clang","test/CMakeFiles/unit.record.algo.map.exe.dir/Debug/unit/record/algo/map.cpp.o",676665,633687,134396
"clang","test/CMakeFiles/unit.record.algo.map_field.exe.dir/Debug/unit/record/algo/map_field.cpp.o",727575,682602,137024
"clang","test/CMakeFiles/unit.record.algo.max.exe.dir/Debug/unit/record/algo/max.cpp.o",874266,817314,140256
"clang","test/CMakeFiles/unit.record.algo.member_cast.exe.dir/Debug/unit/record/algo/member_cast.cpp.o",605966,554969,133496
"clang","test/CMakeFiles/unit.record.algo.min.exe.dir/Debug/unit/record/algo/min.cpp.o",829636,776660,139448
"clang","test/CMakeFiles/unit.record.algo.partition.exe.dir/Debug/unit/record/algo/partition.cpp.o",784102,725095,137700
"clang","test/CMakeFiles/unit.record.algo.predicates.exe.dir/Debug/unit/record/algo/predicates.cpp.o",759675,704699,136872
"clang","test/CMakeFiles/unit.record.algo.push_pop.exe.dir/Debug/unit/record/algo/push_pop.cpp.o",770104,703095,136876
"clang","test/CMakeFiles/unit.record.algo.reduce.exe.dir/Debug/unit/record/algo/reduce.cpp.o",848631,780661,137264
"clang","test/CMakeFiles/unit.record.algo.reindex.exe.dir/Debug/unit/record/algo/reindex.cpp.o",737484,686520,136812
"clang","test/CMakeFiles/unit.record.algo.reorder.exe.dir/Debug/unit/record/algo/reorder.cpp.o",826531,776499,136932
"clang","test/CMakeFiles/unit.record.algo.remove.exe.dir/Debug/unit/record/algo/remove.cpp.o",1316298,1244282,161108
"clang","test/CMakeFiles/unit.record.algo.reverse.exe.dir/Debug/unit/record/algo/reverse.cpp.o",536365,499340,130416
"clang","test/CMakeFiles/unit.record.algo.rotate_left.exe.dir/Debug/unit/record/algo/rotate_left.cpp.o",644905,594913,135372
"clang","test/CMakeFiles/unit.record.algo.rotate_right.exe.dir/Debug/unit/record/algo/rotate_right.cpp.o",643821,594835,133760
"clang","test/CMakeFiles/unit.record.algo.transpose.exe.dir/Debug/unit/record/algo/transpose.cpp.o",716191,664250,138224
"clang","test/CMakeFiles/unit.record.algo.split.exe.dir/Debug/unit/record/algo/split.cpp.o",1224337,1144315,149116
"clang","test/CMakeFiles/unit.record.algo.unique.exe.dir/Debug/unit/record/algo/unique.cpp.o",1350783,1260798,162132
"clang","test/CMakeFiles/unit.record.algo.windows.exe.dir/Debug/unit/record/algo/windows.cpp.o",1376627,1300593,164380
"clang","test/CMakeFiles/unit.record.algo.zip.exe.dir/Debug/unit/record/algo/zip.cpp.o",796984,737986,139524
"clang","test/CMakeFiles/unit.record.api.aggregate_ctor.exe.dir/Debug/unit/record/api/aggregate_ctor.cpp.o",571272,533321,131328
"clang","test/CMakeFiles/unit.record.api.access.exe.dir/Debug/unit/record/api/access.cpp.o",1156383,1100413,156364
"clang","test/CMakeFiles/unit.record.api.builder.exe.dir/Debug/unit/record/api/builder.cpp.o",902330,846310,147468
"clang","test/CMakeFiles/unit.record.api.convert.exe.dir/Debug/unit/record/api/convert.cpp.o",921516,850554,149356
"clang","test/CMakeFiles/unit.record.api.ebo.exe.dir/Debug/unit/record/api/ebo.cpp.o",924934,869938,150876
"clang","test/CMakeFiles/unit.record.api.forward_as_record.exe.dir/Debug/unit/record/api/forward_as_record.cpp.o",891698,825721,147528
"clang","test/CMakeFiles/unit.record.api.make_record.exe.dir/Debug/unit/record/api/make_record.cpp.o",602699,571663,131652
"clang","test/CMakeFiles/unit.record.api.is_homogeneous.exe.dir/Debug/unit/record/api/is_homogeneous.cpp.o",849224,799270,146840
"clang","test/CMakeFiles/unit.record.api.tie_as_record.exe.dir/Debug/unit/record/api/tie_as_record.cpp.o",557717,506743,131016
"clang","test/CMakeFiles/unit.record.api.protocol.exe.dir/Debug/unit/record/api/protocol.cpp.o",905511,837548,146756
"clang","test/CMakeFiles/unit.record.api.to_ref.exe.dir/Debug/unit/record/api/to_ref.cpp.o",524187,478171,130152
"clang","test/CMakeFiles/unit.std.std.exe.dir/Debug/unit/std/std.cpp.o",876160,811149,144848
"clang","test/CMakeFiles/unit.tuple.algo.apply.exe.dir/Debug/unit/tuple/algo/apply.cpp.o",960272,893323,146260
"clang","test/CMakeFiles/unit.tuple.algo.apply_traits.exe.dir/Debug/unit/tuple/algo/apply_traits.cpp.o",608892,559901,134444
"clang","test/CMakeFiles/unit.tuple.algo.as_flat_ptr.exe.dir/Debug/unit/tuple/algo/as_flat_ptr.cpp.o",630981,581983,135108
"clang","test/CMakeFiles/unit.tuple.algo.back_front.exe.dir/Debug/unit/tuple/algo/back_front.cpp.o",927930,862935,148228
"clang","test/CMakeFiles/unit.tuple.algo.cartesian_product.exe.dir/Debug/unit/tuple/algo/cartesian_product.cpp.o",1106928,1058932,150076
"clang","test/CMakeFiles/unit.tuple.algo.cat.exe.dir/Debug/unit/tuple/algo/cat.cpp.o",1294852,1209862,161468
"clang","test/CMakeFiles/unit.tuple.algo.chunks.exe.dir/Debug/unit/tuple/algo/chunks.cpp.o",1121417,1043388,158344
"clang","test/CMakeFiles/unit.tuple.algo.compress.exe.dir/Debug/unit/tuple/algo/compress.cpp.o",981815,928825,151180
"clang","test/CMakeFiles/unit.tuple.algo.contains.exe.dir/Debug/unit/tuple/algo/contains.cpp.o",1039310,978351,154012
"clang","test/CMakeFiles/unit.tuple.algo.fill.exe.dir/Debug/unit/tuple/algo/fill.cpp.o",527989,484990,128412
"clang","test/CMakeFiles/unit.tuple.algo.extract.exe.dir/Debug/unit/tuple/algo/extract.cpp.o",1115722,1042741,156156
"clang","test/CMakeFiles/unit.tuple.algo.filter.exe.dir/Debug/unit/tuple/algo/filter.cpp.o",982040,917038,153072
"clang","test/CMakeFiles/unit.tuple.algo.filter_not.exe.dir/Debug/unit/tuple/algo/filter_not.cpp.o",1018252,955237,153492
"clang","test/CMakeFiles/unit.tuple.algo.fold.exe.dir/Debug/unit/tuple/algo/fold.cpp.o",772107,728101,138088
"clang","test/CMakeFiles/unit.tuple.algo.for_each.exe.dir/Debug/unit/tuple/algo/for_each.cpp.o",601183,562172,130780
"clang","test/CMakeFiles/unit.tuple.algo.flatten.exe.dir/Debug/unit/tuple/algo/flatten.cpp.o",1708590,1613558,177428
"clang","test/CMakeFiles/unit.tuple.algo.generate.exe.dir/Debug/unit/tuple/algo/generate.cpp.o",559775,515793,129432
"clang","test/CMakeFiles/unit.tuple.algo.inner_product.exe.dir/Debug/unit/tuple/algo/inner_product.cpp.o",509669,464699,129556
"clang","test/CMakeFiles/unit.tuple.algo.locate.exe.dir/Debug/unit/tuple/algo/locate.cpp.o",506102,465094,127784
"clang","test/CMakeFiles/unit.tuple.algo.iota.exe.dir/Debug/unit/tuple/algo/iota.cpp.o",553712,510657,128724
"clang","test/CMakeFiles/unit.tuple.algo.map_index.exe.dir/Debug/unit/tuple/algo/map_index.cpp.o",551912,507919,129004
"clang","test/CMakeFiles/unit.tuple.algo.map_traits.exe.dir/Debug/unit/tuple/algo/map_traits.cpp.o",503522,468556,128828
"clang","test/CMakeFiles/unit.tuple.algo.map.exe.dir/Debug/unit/tuple/algo/map.cpp.o",1124458,1051429,159092
"clang","test/CMakeFiles/unit.tuple.algo.member_cast.exe.dir/Debug/unit/tuple/algo/member_cast.cpp.o",513929,461937,127896
"clang","test/CMakeFiles/unit.tuple.algo.max.exe.dir/Debug/unit/tuple/algo/max.cpp.o",711326,661374,135564
"clang","test/CMakeFiles/unit.tuple.algo.min.exe.dir/Debug/unit/tuple/algo/min.cpp.o",673445,619410,135184
"clang","test/CMakeFiles/unit.tuple.algo.partition.exe.dir/Debug/unit/tuple/algo/partition.cpp.o",1168852,1087863,159620
"clang","test/CMakeFiles/unit.tuple.algo.predicates.exe.dir/Debug/unit/tuple/algo/predicates.cpp.o",657391,618428,133120
"clang","test/CMakeFiles/unit.tuple.algo.reduce.exe.dir/Debug/unit/tuple/algo/reduce.cpp.o",789944,730949,136100
"clang","test/CMakeFiles/unit.tuple.algo.push_pop.exe.dir/Debug/unit/tuple/algo/push_pop.cpp.o",1091024,1031023,154700
"clang","test/CMakeFiles/unit.tuple.algo.reindex.exe.dir/Debug/unit/tuple/algo/reindex.cpp.o",735780,685795,136616
"clang","test/CMakeFiles/unit.tuple.algo.reorder.exe.dir/Debug/unit/tuple/algo/reorder.cpp.o",645358,606397,134468
"clang","test/CMakeFiles/unit.tuple.algo.remove.exe.dir/Debug/unit/tuple/algo/remove.cpp.o",1141019,1059018,156244
"clang","test/CMakeFiles/unit.tuple.algo.rotate_left.exe.dir/Debug/unit/tuple/algo/rotate_left.cpp.o",562754,512776,131480
"clang","test/CMakeFiles/unit.tuple.algo.reverse.exe.dir/Debug/unit/tuple/algo/reverse.cpp.o",898370,838346,147204
"clang","test/CMakeFiles/unit.tuple.algo.rotate_right.exe.dir/Debug/unit/tuple/algo/rotate_right.cpp.o",567410,526453,130648
"clang","test/CMakeFiles/unit.tuple.algo.scan.exe.dir/Debug/unit/tuple/algo/scan.cpp.o",856304,807287,138132
"clang","test/CMakeFiles/unit.tuple.algo.split.exe.dir/Debug/unit/tuple/algo/split.cpp.o",1393501,1304469,162036
"clang","test/CMakeFiles/unit.tuple.algo.transpose.exe.dir/Debug/unit/tuple/algo/transpose.cpp.o",1015953,943957,153568
"clang","test/CMakeFiles/unit.tuple.algo.unique.exe.dir/Debug/unit/tuple/algo/unique.cpp.o",1113957,1040159,158952
"clang","test/CMakeFiles/unit.tuple.algo.windows.exe.dir/Debug/unit/tuple/algo/windows.cpp.o",1132717,1068733,159844
"clang","test/CMakeFiles/unit.tuple.algo.zip.exe.dir/Debug/unit/tuple/algo/zip.cpp.o",1329851,1247861,162144
"clang","test/CMakeFiles/unit.tuple.api.access.exe.dir/Debug/unit/tuple/api/access.cpp.o",1345987,1273988,161420
"clang","test/CMakeFiles/unit.tuple.api.aggregate_ctor.exe.dir/Debug/unit/tuple/api/aggregate_ctor.cpp.o",549897,505906,128356
"clang","test/CMakeFiles/unit.tuple.api.adapt.exe.dir/Debug/unit/tuple/api/adapt.cpp.o",1104280,1032262,159064
"clang","test/CMakeFiles/unit.tuple.api.concepts.exe.dir/Debug/unit/tuple/api/concepts.cpp.o",500674,459701,126732
"clang","test/CMakeFiles/unit.tuple.api.builder.exe.dir/Debug/unit/tuple/api/builder.cpp.o",947101,886095,148592
"clang","test/CMakeFiles/unit.tuple.api.convert.exe.dir/Debug/unit/tuple/api/convert.cpp.o",1031343,981375,152684
"clang","test/CMakeFiles/unit.tuple.api.ebo.exe.dir/Debug/unit/tuple/api/ebo.cpp.o",916401,851373,149640
"clang","test/CMakeFiles/unit.tuple.api.forward_as_tuple.exe.dir/Debug/unit/tuple/api/forward_as_tuple.cpp.o",851806,797755,145408
"clang","test/CMakeFiles/unit.tuple.api.is_homogeneous.exe.dir/Debug/unit/tuple/api/is_homogeneous.cpp.o",854467,800501,146188
"clang","test/CMakeFiles/unit.tuple.api.make_tuple.exe.dir/Debug/unit/tuple/api/make_tuple.cpp.o",916800,864812,148812
"clang","test/CMakeFiles/unit.tuple.api.protocol.exe.dir/Debug/unit/tuple/api/protocol.cpp.o",900024,841023,146712
"clang","test/CMakeFiles/unit.tuple.api.to_ref.exe.dir/Debug/unit/tuple/api/to_ref.cpp.o",472775,426797,128040
"clang","test/CMakeFiles/unit.tuple.api.tie.exe.dir/Debug/unit/tuple/api/tie.cpp.o",525993,486994,129764
"ld","unit/Debug/unit.infra.common_reference.exe",49322,34224,72068
"ld","unit/Debug/unit.infra.concepts.exe",47402,32274,72224
"ld","unit/Debug/unit.infra.containers.exe",49433,39345,72560
"ld","unit/Debug/unit.infra.field.exe",48253,39206,72956
"ld","unit/Debug/unit.infra.get_helper.exe",50007,34005,72396
"ld","unit/Debug/unit.infra.identifier.exe",47417,30524,72132
"ld","unit/Debug/unit.infra.make_streamable.exe",52784,34915,72504
"ld","unit/Debug/unit.infra.projection_map.exe",47474,35353,72068
"ld","unit/Debug/unit.infra.std_type_traits.exe",49011,32511,72132
"ld","unit/Debug/unit.infra.str.exe",48638,38712,72044
"ld","unit/Debug/unit.record.algo.apply.exe",51564,37201,71780
"ld","unit/Debug/unit.record.algo.as_flat_ptr.exe",51092,38069,72756
"ld","unit/Debug/unit.record.algo.back_front.exe",51866,35051,69260
"ld","unit/Debug/unit.record.algo.cartesian_product.exe",60456,44335,69816
"ld","unit/Debug/unit.record.algo.cat.exe",56180,36116,72196
"ld","unit/Debug/unit.record.algo.chunks.exe",55355,39252,72556
"ld","unit/Debug/unit.record.algo.contains.exe",52118,40091,71828
"ld","unit/Debug/unit.record.algo.compress.exe",58921,36976,72564
"ld","unit/Debug/unit.record.algo.filter.exe",53476,33353,70520
"ld","unit/Debug/unit.record.algo.extract.exe",54109,43087,71200
"ld","unit/Debug/unit.record.algo.filter_not.exe",53381,36259,70484
"ld","unit/Debug/unit.record.algo.flatten.exe",59036,39024,71216
"ld","unit/Debug/unit.record.algo.fold.exe",55372,41598,72068
"ld","unit/Debug/unit.record.algo.for_each.exe",52450,38133,72820
"ld","unit/Debug/unit.record.algo.inner_product.exe",51329,36523,69260
"ld","unit/Debug/unit.record.algo.locate.exe",51539,39646,69364
"ld","unit/Debug/unit.record.algo.map.exe",53001,33741,69132
"ld","unit/Debug/unit.record.algo.map_field.exe",54493,42604,68508
"ld","unit/Debug/unit.record.algo.member_cast.exe",51032,30107,71532
"ld","unit/Debug/unit.record.algo.max.exe",52800,33872,70664
"ld","unit/Debug/unit.record.algo.min.exe",52465,36322,70648
"ld","unit/Debug/unit.record.algo.partition.exe",53584,33386,70548
"ld","unit/Debug/unit.record.algo.push_pop.exe",52123,34225,70984
"ld","unit/Debug/unit.record.algo.predicates.exe",52795,31976,70812
"ld","unit/Debug/unit.record.algo.reduce.exe",58480,42621,72224
"ld","unit/Debug/unit.record.algo.reindex.exe",57039,38026,72124
"ld","unit/Debug/unit.record.algo.remove.exe",52214,38157,72500
"ld","unit/Debug/unit.record.algo.reorder.exe",51399,34266,72476
"ld","unit/Debug/unit.record.algo.reverse.exe",49508,30695,70404
"ld","unit/Debug/unit.record.algo.rotate_left.exe",51064,35044,70556
"ld","unit/Debug/unit.record.algo.rotate_right.exe",51269,37466,71232
"ld","unit/Debug/unit.record.algo.split.exe",55761,38834,70484
"ld","unit/Debug/unit.record.algo.transpose.exe",52998,40999,71776
"ld","unit/Debug/unit.record.algo.unique.exe",53029,36020,72540
"ld","unit/Debug/unit.record.algo.zip.exe",52305,34200,70944
"ld","unit/Debug/unit.record.algo.windows.exe",57689,38791,70724
"ld","unit/Debug/unit.record.api.access.exe",52818,38026,72124
"ld","unit/Debug/unit.record.api.aggregate_ctor.exe",54318,36212,72544
"ld","unit/Debug/unit.record.api.builder.exe",50382,40306,72168
"ld","unit/Debug/unit.record.api.convert.exe",55663,39818,71888
"ld","unit/Debug/unit.record.api.ebo.exe",52647,39283,72740
"ld","unit/Debug/unit.record.api.forward_as_record.exe",53608,43227,71888
"ld","unit/Debug/unit.record.api.is_homogeneous.exe",49615,36715,72972
"ld","unit/Debug/unit.record.api.make_record.exe",52501,35486,72528
"ld","unit/Debug/unit.record.api.protocol.exe",50945,33093,72476
"ld","unit/Debug/unit.record.api.tie_as_record.exe",52988,39991,71844
"ld","unit/Debug/unit.record.api.to_ref.exe",53434,36295,72476
"ld","unit/Debug/unit.std.std.exe",52671,34537,72516
"ld","unit/Debug/unit.tuple.algo.apply.exe",52408,34609,72972
"ld","unit/Debug/unit.tuple.algo.apply_traits.exe",52784,39837,72464
"ld","unit/Debug/unit.tuple.algo.as_flat_ptr.exe",55148,39105,72156
"ld","unit/Debug/unit.tuple.algo.back_front.exe",54081,44627,71800
"ld","unit/Debug/unit.tuple.algo.cartesian_product.exe",58932,39624,72972
"ld","unit/Debug/unit.tuple.algo.cat.exe",57140,37009,72504
"ld","unit/Debug/unit.tuple.algo.chunks.exe",55824,42865,72064
"ld","unit/Debug/unit.tuple.algo.compress.exe",53507,37354,71888
"ld","unit/Debug/unit.tuple.algo.contains.exe",52200,35135,72068
"ld","unit/Debug/unit.tuple.algo.extract.exe",55050,37142,72224
"ld","unit/Debug/unit.tuple.algo.fill.exe",52890,39917,72860
"ld","unit/Debug/unit.tuple.algo.filter.exe",54092,40568,71816
"ld","unit/Debug/unit.tuple.algo.filter_not.exe",52049,39037,72972
"ld","unit/Debug/unit.tuple.algo.flatten.exe",58886,43915,72560
"ld","unit/Debug/unit.tuple.algo.fold.exe",55252,38174,72156
"ld","unit/Debug/unit.tuple.algo.for_each.exe",55050,36815,72464
"ld","unit/Debug/unit.tuple.algo.generate.exe",53940,38301,72068
"ld","unit/Debug/unit.tuple.algo.inner_product.exe",52315,35212,72868
"ld","unit/Debug/unit.tuple.algo.iota.exe",53139,36171,72068
"ld","unit/Debug/unit.tuple.algo.locate.exe",52320,36222,72068
"ld","unit/Debug/unit.tuple.algo.map.exe",54430,38303,72224
"ld","unit/Debug/unit.tuple.algo.map_index.exe",53158,42858,72456
"ld","unit/Debug/unit.tuple.algo.map_traits.exe",51711,38530,72360
"ld","unit/Debug/unit.tuple.algo.max.exe",53263,36282,72564
"ld","unit/Debug/unit.tuple.algo.member_cast.exe",52099,36186,72240
"ld","unit/Debug/unit.tuple.algo.min.exe",53846,40883,72868
"ld","unit/Debug/unit.tuple.algo.partition.exe",55953,35970,71780
"ld","unit/Debug/unit.tuple.algo.predicates.exe",53421,38359,71736
"ld","unit/Debug/unit.tuple.algo.push_pop.exe",55217,37146,72068
"ld","unit/Debug/unit.tuple.algo.reduce.exe",55102,40074,72544
"ld","unit/Debug/unit.tuple.algo.reindex.exe",56102,37084,72592
"ld","unit/Debug/unit.tuple.algo.remove.exe",57630,39197,72492
"ld","unit/Debug/unit.tuple.algo.reorder.exe",54520,41395,72216
"ld","unit/Debug/unit.tuple.algo.reverse.exe",52427,38411,72224
"ld","unit/Debug/unit.tuple.algo.rotate_left.exe",51994,36106,72544
"ld","unit/Debug/unit.tuple.algo.rotate_right.exe",53125,43675,72000
"ld","unit/Debug/unit.tuple.algo.scan.exe",55679,43531,72756
"ld","unit/Debug/unit.tuple.algo.split.exe",58946,40963,72544
"ld","unit/Debug/unit.tuple.algo.transpose.exe",53577,39425,72564
"ld","unit/Debug/unit.tuple.algo.unique.exe",53738,34845,72868
"ld","unit/Debug/unit.tuple.algo.windows.exe",55453,37629,71748
"ld","unit/Debug/unit.tuple.algo.zip.exe",59087,43064,72872
"ld","unit/Debug/unit.tuple.api.access.exe",56385,41062,72240
"ld","unit/Debug/unit.tuple.api.adapt.exe",53472,37330,72560
"ld","unit/Debug/unit.tuple.api.aggregate_ctor.exe",52622,36580,72756
"ld","unit/Debug/unit.tuple.api.builder.exe",51356,37383,72504
"ld","unit/Debug/unit.tuple.api.concepts.exe",51490,37356,72480
"ld","unit/Debug/unit.tuple.api.convert.exe",55649,36425,72972
"ld","unit/Debug/unit.tuple.api.ebo.exe",54359,37557,72376
"ld","unit/Debug/unit.tuple.api.forward_as_tuple.exe",53085,33519,72220
"ld","unit/Debug/unit.tuple.api.is_homogeneous.exe",51432,37472,72544
"ld","unit/Debug/unit.tuple.api.make_tuple.exe",50894,38121,72132
"ld","unit/Debug/unit.tuple.api.protocol.exe",52827,34886,72532
"ld","unit/Debug/unit.tuple.api.tie.exe",52599,39788,71820
"ld","unit/Debug/unit.tuple.api.to_ref.exe",49070,34534,72476
