"clang","test/CMakeFiles/unit.infra.common_reference.exe.dir/Debug/unit/infra/common_reference.cpp.o",414564,377514,125148
"clang","test/CMakeFiles/unit.infra.concepts.exe.dir/Debug/unit/infra/concepts.cpp.o",576240,538225,132672
"clang","test/CMakeFiles/unit.infra.containers.exe.dir/Debug/unit/infra/containers.cpp.o",662126,620118,135032
"clang","test/CMakeFiles/unit.infra.field.exe.dir/Debug/unit/infra/field.cpp.o",481526,448490,127948
"clang","test/CMakeFiles/unit.infra.get_helper.exe.dir/Debug/unit/infra/get_helper.cpp.o",540239,497220,130400
"clang","test/CMakeFiles/unit.infra.identifier.exe.dir/Debug/unit/infra/identifier.cpp.o",535643,495595,129256
"clang","test/CMakeFiles/unit.infra.projection_map.exe.dir/Debug/unit/infra/projection_map.cpp.o",468414,423375,128300
"clang","test/CMakeFiles/unit.infra.make_streamable.exe.dir/Debug/unit/infra/make_streamable.cpp.o",871283,811264,144524
"clang","test/CMakeFiles/unit.infra.std_type_traits.exe.dir/Debug/unit/infra/std_type_traits.cpp.o",461180,421251,127788
"clang","test/CMakeFiles/unit.infra.str.exe.dir/Debug/unit/infra/str.cpp.o",538159,510151,129724
"clang","test/CMakeFiles/unit.record.algo.as_flat_ptr.exe.dir/Debug/unit/record/algo/as_flat_ptr.cpp.o",712309,675345,136676
"clang","test/CMakeFiles/unit.record.algo.apply.exe.dir/Debug/unit/record/algo/apply.cpp.o",904194,834179,140308
"clang","test/CMakeFiles/unit.record.algo.back_front.exe.dir/Debug/unit/record/algo/back_front.cpp.o",598699,555721,133180
"clang","test/CMakeFiles/unit.record.algo.cartesian_product.exe.dir/Debug/unit/record/algo/cartesian_product.cpp.o",1270062,1193119,163132
"clang","test/CMakeFiles/unit.record.algo.cat.exe.dir/Debug/unit/record/algo/cat.cpp.o",891489,841518,140796
"clang","test/CMakeFiles/unit.record.algo.chunks.exe.dir/Debug/unit/record/algo/chunks.cpp.o",824646,766671,139588
"clang","test/CMakeFiles/unit.record.algo.compress.exe.dir/Debug/unit/record/algo/compress.cpp.o",852935,793940,138668
"clang","test/CMakeFiles/unit.record.algo.contains.exe.dir/Debug/unit/record/algo/contains.cpp.o",636300,587277,133440
"clang","test/CMakeFiles/unit.record.algo.extract.exe.dir/Debug/unit/record/algo/extract.cpp.o",750806,702819,136112
"clang","test/CMakeFiles/unit.record.algo.filter.exe.dir/Debug/unit/record/algo/filter.cpp.o",614422,575459,134716
"clang","test/CMakeFiles/unit.record.algo.filter_not.exe.dir/Debug/unit/record/algo/filter_not.cpp.o",672925,631930,135832
"clang","test/CMakeFiles/unit.record.algo.fold.exe.dir/Debug/unit/record/algo/fold.cpp.o",795314,756299,139140
"clang","test/CMakeFiles/unit.record.algo.for_each.exe.dir/Debug/unit/record/algo/for_each.cpp.o",695934,651939,135048
"clang","test/CMakeFiles/unit.record.algo.flatten.exe.dir/Debug/unit/record/algo/flatten.cpp.o",2081473,1962446,195544
"clang","test/CMakeFiles/unit.record.algo.inner_product.exe.dir/Debug/unit/record/algo/inner_product.cpp.o",522048,471044,128640
"clang","test/CMakeFiles/unit.record.algo.locate.exe.dir/Debug/unit/record/algo/locate.cpp.o",490641,458600,127860
"clang","test/CMakeFiles/unit.record.algo.map.exe.dir/Debug/unit/record/algo/map.cpp.o",650124,596114,133280
"clang","test/CMakeFiles/unit.record.algo.map_field.exe.dir/Debug/unit/record/algo/map_field.cpp.o",676538,632503,136580
"clang","test/CMakeFiles/unit.record.algo.member_cast.exe.dir/Debug/unit/record/algo/member_cast.cpp.o",559086,507078,132400
"clang","test/CMakeFiles/unit.record.algo.max.exe.dir/Debug/unit/record/algo/max.cpp.o",812886,756825,138996
"clang","test/CMakeFiles/unit.record.algo.partition.exe.dir/Debug/unit/record/algo/partition.cpp.o",743461,692430,136756
"clang","test/CMakeFiles/unit.record.algo.min.exe.dir/Debug/unit/record/algo/min.cpp.o",775033,721031,138152
"clang","test/CMakeFiles/unit.record.algo.predicates.exe.dir/Debug/unit/record/algo/predicates.cpp.o",718208,673258,136340
"clang","test/CMakeFiles/unit.record.algo.push_pop.exe.dir/Debug/unit/record/algo/push_pop.cpp.o",733218,685270,136156
"clang","test/CMakeFiles/unit.record.algo.reindex.exe.dir/Debug/unit/record/algo/reindex.cpp.o",694395,651371,135040
"clang","test/CMakeFiles/unit.record.algo.reduce.exe.dir/Debug/unit/record/algo/reduce.cpp.o",775923,732928,137828
"clang","test/CMakeFiles/unit.record.algo.reorder.exe.dir/Debug/unit/record/algo/reorder.cpp.o",760613,717579,137608
"clang","test/CMakeFiles/unit.record.algo.remove.exe.dir/Debug/unit/record/algo/remove.cpp.o",851035,785033,138288
"clang","test/CMakeFiles/unit.record.algo.reverse.exe.dir/Debug/unit/record/algo/reverse.cpp.o",495324,452296,129160
"clang","test/CMakeFiles/unit.record.algo.rotate_left.exe.dir/Debug/unit/record/algo/rotate_left.cpp.o",606489,563455,132020
"clang","test/CMakeFiles/unit.record.algo.rotate_right.exe.dir/Debug/unit/record/algo/rotate_right.cpp.o",606350,566393,133824
"clang","test/CMakeFiles/unit.record.algo.transpose.exe.dir/Debug/unit/record/algo/transpose.cpp.o",662676,614700,135992
"clang","test/CMakeFiles/unit.record.algo.split.exe.dir/Debug/unit/record/algo/split.cpp.o",1147895,1065903,147844
"clang","test/CMakeFiles/unit.record.algo.unique.exe.dir/Debug/unit/record/algo/unique.cpp.o",848749,794765,140136
"clang","test/CMakeFiles/unit.record.algo.windows.exe.dir/Debug/unit/record/algo/windows.cpp.o",878442,808407,140856
"clang","test/CMakeFiles/unit.record.algo.zip.exe.dir/Debug/unit/record/algo/zip.cpp.o",751516,692476,137332
"clang","test/CMakeFiles/unit.record.api.access.exe.dir/Debug/unit/record/api/access.cpp.o",724500,672536,136464
"clang","test/CMakeFiles/unit.record.api.builder.exe.dir/Debug/unit/record/api/builder.cpp.o",502689,465639,128640
"clang","test/CMakeFiles/unit.record.api.aggregate_ctor.exe.dir/Debug/unit/record/api/aggregate_ctor.cpp.o",536305,502286,129768
"clang","test/CMakeFiles/unit.record.api.convert.exe.dir/Debug/unit/record/api/convert.cpp.o",499601,462631,126808
"clang","test/CMakeFiles/unit.record.api.ebo.exe.dir/Debug/unit/record/api/ebo.cpp.o",574568,521608,133456
"clang","test/CMakeFiles/unit.record.api.forward_as_record.exe.dir/Debug/unit/record/api/forward_as_record.cpp.o",482179,442165,126964
"clang","test/CMakeFiles/unit.record.api.is_homogeneous.exe.dir/Debug/unit/record/api/is_homogeneous.cpp.o",444509,411546,126120
"clang","test/CMakeFiles/unit.record.api.make_record.exe.dir/Debug/unit/record/api/make_record.cpp.o",556711,521730,130292
"clang","test/CMakeFiles/unit.record.api.protocol.exe.dir/Debug/unit/record/api/protocol.cpp.o",499031,466029,127932
"clang","test/CMakeFiles/unit.record.api.to_ref.exe.dir/Debug/unit/record/api/to_ref.cpp.o",456447,418493,127880
"clang","test/CMakeFiles/unit.record.api.tie.exe.dir/Debug/unit/record/api/tie.cpp.o",517307,476283,129424
"clang","test/CMakeFiles/unit.std.std.exe.dir/Debug/unit/std/std.cpp.o",788622,727652,138832
"clang","test/CMakeFiles/unit.tuple.algo.apply.exe.dir/Debug/unit/tuple/algo/apply.cpp.o",904051,832127,140920
"clang","test/CMakeFiles/unit.tuple.algo.apply_traits.exe.dir/Debug/unit/tuple/algo/apply_traits.cpp.o",549729,512748,133028
"clang","test/CMakeFiles/unit.tuple.algo.as_flat_ptr.exe.dir/Debug/unit/tuple/algo/as_flat_ptr.cpp.o",584279,540258,132936
"clang","test/CMakeFiles/unit.tuple.algo.back_front.exe.dir/Debug/unit/tuple/algo/back_front.cpp.o",503346,473326,128220
"clang","test/CMakeFiles/unit.tuple.algo.cartesian_product.exe.dir/Debug/unit/tuple/algo/cartesian_product.cpp.o",1047981,995982,148616
"clang","test/CMakeFiles/unit.tuple.algo.cat.exe.dir/Debug/unit/tuple/algo/cat.cpp.o",805050,747047,138764
"clang","test/CMakeFiles/unit.tuple.algo.compress.exe.dir/Debug/unit/tuple/algo/compress.cpp.o",536270,499252,131308
"clang","test/CMakeFiles/unit.tuple.algo.chunks.exe.dir/Debug/unit/tuple/algo/chunks.cpp.o",660467,613434,136788
"clang","test/CMakeFiles/unit.tuple.algo.contains.exe.dir/Debug/unit/tuple/algo/contains.cpp.o",627313,578367,133636
"clang","test/CMakeFiles/unit.tuple.algo.extract.exe.dir/Debug/unit/tuple/algo/extract.cpp.o",681331,635377,133852
"clang","test/CMakeFiles/unit.tuple.algo.fill.exe.dir/Debug/unit/tuple/algo/fill.cpp.o",488522,457489,128888
"clang","test/CMakeFiles/unit.tuple.algo.filter.exe.dir/Debug/unit/tuple/algo/filter.cpp.o",549296,503272,132116
"clang","test/CMakeFiles/unit.tuple.algo.filter_not.exe.dir/Debug/unit/tuple/algo/filter_not.cpp.o",575583,526619,132484
"clang","test/CMakeFiles/unit.tuple.algo.fold.exe.dir/Debug/unit/tuple/algo/fold.cpp.o",727496,686468,136492
"clang","test/CMakeFiles/unit.tuple.algo.flatten.exe.dir/Debug/unit/tuple/algo/flatten.cpp.o",1235918,1175922,155188
"clang","test/CMakeFiles/unit.tuple.algo.for_each.exe.dir/Debug/unit/tuple/algo/for_each.cpp.o",560250,526235,130040
"clang","test/CMakeFiles/unit.tuple.algo.generate.exe.dir/Debug/unit/tuple/algo/generate.cpp.o",516760,477779,129312
"clang","test/CMakeFiles/unit.tuple.algo.inner_product.exe.dir/Debug/unit/tuple/algo/inner_product.cpp.o",490490,448534,127328
"clang","test/CMakeFiles/unit.tuple.algo.iota.exe.dir/Debug/unit/tuple/algo/iota.cpp.o",528523,496552,128428
"clang","test/CMakeFiles/unit.tuple.algo.locate.exe.dir/Debug/unit/tuple/algo/locate.cpp.o",447441,414483,125520
"clang","test/CMakeFiles/unit.tuple.algo.map.exe.dir/Debug/unit/tuple/algo/map.cpp.o",695461,648430,136288
"clang","test/CMakeFiles/unit.tuple.algo.map_index.exe.dir/Debug/unit/tuple/algo/map_index.cpp.o",510899,470907,128792
"clang","test/CMakeFiles/unit.tuple.algo.map_traits.exe.dir/Debug/unit/tuple/algo/map_traits.cpp.o",474265,430241,128420
"clang","test/CMakeFiles/unit.tuple.algo.max.exe.dir/Debug/unit/tuple/algo/max.cpp.o",659676,607702,134568
"clang","test/CMakeFiles/unit.tuple.algo.member_cast.exe.dir/Debug/unit/tuple/algo/member_cast.cpp.o",484076,442070,128484
"clang","test/CMakeFiles/unit.tuple.algo.min.exe.dir/Debug/unit/tuple/algo/min.cpp.o",622727,573749,133456
"clang","test/CMakeFiles/unit.tuple.algo.partition.exe.dir/Debug/unit/tuple/algo/partition.cpp.o",683433,632476,135704
"clang","test/CMakeFiles/unit.tuple.algo.predicates.exe.dir/Debug/unit/tuple/algo/predicates.cpp.o",619855,572866,133016
"clang","test/CMakeFiles/unit.tuple.algo.push_pop.exe.dir/Debug/unit/tuple/algo/push_pop.cpp.o",673259,629308,135260
"clang","test/CMakeFiles/unit.tuple.algo.reduce.exe.dir/Debug/unit/tuple/algo/reduce.cpp.o",758175,697161,135692
"clang","test/CMakeFiles/unit.tuple.algo.reindex.exe.dir/Debug/unit/tuple/algo/reindex.cpp.o",711224,665210,134604
"clang","test/CMakeFiles/unit.tuple.algo.remove.exe.dir/Debug/unit/tuple/algo/remove.cpp.o",703534,652496,135720
"clang","test/CMakeFiles/unit.tuple.algo.reorder.exe.dir/Debug/unit/tuple/algo/reorder.cpp.o",610351,576388,132188
"clang","test/CMakeFiles/unit.tuple.algo.reverse.exe.dir/Debug/unit/tuple/algo/reverse.cpp.o",489925,454931,128936
"clang","test/CMakeFiles/unit.tuple.algo.rotate_left.exe.dir/Debug/unit/tuple/algo/rotate_left.cpp.o",526997,486998,128724
"clang","test/CMakeFiles/unit.tuple.algo.rotate_right.exe.dir/Debug/unit/tuple/algo/rotate_right.cpp.o",529483,487445,129744
"clang","test/CMakeFiles/unit.tuple.algo.scan.exe.dir/Debug/unit/tuple/algo/scan.cpp.o",1078247,1016233,148392
"clang","test/CMakeFiles/unit.tuple.algo.split.exe.dir/Debug/unit/tuple/algo/split.cpp.o",928474,877448,138260
"clang","test/CMakeFiles/unit.tuple.algo.transpose.exe.dir/Debug/unit/tuple/algo/transpose.cpp.o",578577,531612,133848
"clang","test/CMakeFiles/unit.tuple.algo.unique.exe.dir/Debug/unit/tuple/algo/unique.cpp.o",662086,614080,135016
"clang","test/CMakeFiles/unit.tuple.algo.windows.exe.dir/Debug/unit/tuple/algo/windows.cpp.o",660779,605798,136304
"clang","test/CMakeFiles/unit.tuple.algo.zip.exe.dir/Debug/unit/tuple/algo/zip.cpp.o",867971,814973,139528
"clang","test/CMakeFiles/unit.tuple.api.access.exe.dir/Debug/unit/tuple/api/access.cpp.o",901991,851992,138792
"clang","test/CMakeFiles/unit.tuple.api.adapt.exe.dir/Debug/unit/tuple/api/adapt.cpp.o",704602,659564,135644
"clang","test/CMakeFiles/unit.tuple.api.aggregate_ctor.exe.dir/Debug/unit/tuple/api/aggregate_ctor.cpp.o",504526,464564,127532
"clang","test/CMakeFiles/unit.tuple.api.builder.exe.dir/Debug/unit/tuple/api/builder.cpp.o",531494,490533,129976
"clang","test/CMakeFiles/unit.tuple.api.concepts.exe.dir/Debug/unit/tuple/api/concepts.cpp.o",467896,430905,126692
"clang","test/CMakeFiles/unit.tuple.api.ebo.exe.dir/Debug/unit/tuple/api/ebo.cpp.o",542392,515373,132240
"clang","test/CMakeFiles/unit.tuple.api.convert.exe.dir/Debug/unit/tuple/api/convert.cpp.o",627382,583426,134432
"clang","test/CMakeFiles/unit.tuple.api.is_homogeneous.exe.dir/Debug/unit/tuple/api/is_homogeneous.cpp.o",446158,411224,126600
"clang","test/CMakeFiles/unit.tuple.api.forward_as_tuple.exe.dir/Debug/unit/tuple/api/forward_as_tuple.cpp.o",455578,427543,126392
"clang","test/CMakeFiles/unit.tuple.api.protocol.exe.dir/Debug/unit/tuple/api/protocol.cpp.o",491669,450697,125876
"clang","test/CMakeFiles/unit.tuple.api.make_tuple.exe.dir/Debug/unit/tuple/api/make_tuple.cpp.o",515475,477440,128272
"clang","test/CMakeFiles/unit.tuple.api.to_ref.exe.dir/Debug/unit/tuple/api/to_ref.cpp.o",437359,403409,126172
"clang","test/CMakeFiles/unit.tuple.api.tie.exe.dir/Debug/unit/tuple/api/tie.cpp.o",495888,456818,126496
