"clang","test/CMakeFiles/unit.infra.common_reference.exe.dir/Debug/unit/infra/common_reference.cpp.o",285268,253238,123756
"clang","test/CMakeFiles/unit.infra.concepts.exe.dir/Debug/unit/infra/concepts.cpp.o",404360,369329,131364
"clang","test/CMakeFiles/unit.infra.field.exe.dir/Debug/unit/infra/field.cpp.o",337174,304157,127996
"clang","test/CMakeFiles/unit.infra.containers.exe.dir/Debug/unit/infra/containers.cpp.o",662531,608570,145392
"clang","test/CMakeFiles/unit.infra.get_helper.exe.dir/Debug/unit/infra/get_helper.cpp.o",631720,574746,143908
"clang","test/CMakeFiles/unit.infra.identifier.exe.dir/Debug/unit/infra/identifier.cpp.o",615072,565067,143756
"clang","test/CMakeFiles/unit.infra.projection_map.exe.dir/Debug/unit/infra/projection_map.cpp.o",328504,299460,127340
"clang","test/CMakeFiles/unit.infra.make_streamable.exe.dir/Debug/unit/infra/make_streamable.cpp.o",622784,564805,144500
"clang","test/CMakeFiles/unit.infra.std_type_traits.exe.dir/Debug/unit/infra/std_type_traits.cpp.o",326765,293789,127596
"clang","test/CMakeFiles/unit.infra.str.exe.dir/Debug/unit/infra/str.cpp.o",400990,361991,130064
"clang","test/CMakeFiles/unit.record.algo.apply.exe.dir/Debug/unit/record/algo/apply.cpp.o",643146,580132,141420
"clang","test/CMakeFiles/unit.record.algo.as_flat_ptr.exe.dir/Debug/unit/record/algo/as_flat_ptr.cpp.o",517302,487285,137656
"clang","test/CMakeFiles/unit.record.algo.back_front.exe.dir/Debug/unit/record/algo/back_front.cpp.o",434339,384415,132592
"clang","test/CMakeFiles/unit.record.algo.cat.exe.dir/Debug/unit/record/algo/cat.cpp.o",639967,587970,138900
"clang","test/CMakeFiles/unit.record.algo.cartesian_product.exe.dir/Debug/unit/record/algo/cartesian_product.cpp.o",922052,858049,164200
"clang","test/CMakeFiles/unit.record.algo.chunks.exe.dir/Debug/unit/record/algo/chunks.cpp.o",869961,804964,156680
"clang","test/CMakeFiles/unit.record.algo.compress.exe.dir/Debug/unit/record/algo/compress.cpp.o",921263,843326,156292
"clang","test/CMakeFiles/unit.record.algo.extract.exe.dir/Debug/unit/record/algo/extract.cpp.o",532880,486891,136176
"clang","test/CMakeFiles/unit.record.algo.contains.exe.dir/Debug/unit/record/algo/contains.cpp.o",705144,658135,142532
"clang","test/CMakeFiles/unit.record.algo.filter.exe.dir/Debug/unit/record/algo/filter.cpp.o",712739,646764,144520
"clang","test/CMakeFiles/unit.record.algo.filter_not.exe.dir/Debug/unit/record/algo/filter_not.cpp.o",754425,698394,148348
"clang","test/CMakeFiles/unit.record.algo.fold.exe.dir/Debug/unit/record/algo/fold.cpp.o",550142,505049,136652
"clang","test/CMakeFiles/unit.record.algo.for_each.exe.dir/Debug/unit/record/algo/for_each.cpp.o",489885,451894,136444
"clang","test/CMakeFiles/unit.record.algo.flatten.exe.dir/Debug/unit/record/algo/flatten.cpp.o",1499167,1390155,194924
"clang","test/CMakeFiles/unit.record.algo.inner_product.exe.dir/Debug/unit/record/algo/inner_product.cpp.o",365045,329041,128884
"clang","test/CMakeFiles/unit.record.algo.locate.exe.dir/Debug/unit/record/algo/locate.cpp.o",363209,323296,129416
"clang","test/CMakeFiles/unit.record.algo.map.exe.dir/Debug/unit/record/algo/map.cpp.o",455151,421140,133104
"clang","test/CMakeFiles/unit.record.algo.map_field.exe.dir/Debug/unit/record/algo/map_field.cpp.o",481594,447623,136516
"clang","test/CMakeFiles/unit.record.algo.max.exe.dir/Debug/unit/record/algo/max.cpp.o",577298,533276,138900
"clang","test/CMakeFiles/unit.record.algo.member_cast.exe.dir/Debug/unit/record/algo/member_cast.cpp.o",394077,363150,132108
"clang","test/CMakeFiles/unit.record.algo.min.exe.dir/Debug/unit/record/algo/min.cpp.o",540735,488761,137436
"clang","test/CMakeFiles/unit.record.algo.partition.exe.dir/Debug/unit/record/algo/partition.cpp.o",526083,482076,135656
"clang","test/CMakeFiles/unit.record.algo.predicates.exe.dir/Debug/unit/record/algo/predicates.cpp.o",496083,450076,135388
"clang","test/CMakeFiles/unit.record.algo.push_pop.exe.dir/Debug/unit/record/algo/push_pop.cpp.o",520830,468847,136332
"clang","test/CMakeFiles/unit.record.algo.reduce.exe.dir/Debug/unit/record/algo/reduce.cpp.o",549353,511398,137864
"clang","test/CMakeFiles/unit.record.algo.reindex.exe.dir/Debug/unit/record/algo/reindex.cpp.o",484741,438766,135616
"clang","test/CMakeFiles/unit.record.algo.reorder.exe.dir/Debug/unit/record/algo/reorder.cpp.o",544779,493800,136924
"clang","test/CMakeFiles/unit.record.algo.remove.exe.dir/Debug/unit/record/algo/remove.cpp.o",864932,791938,148364
"clang","test/CMakeFiles/unit.record.algo.reverse.exe.dir/Debug/unit/record/algo/reverse.cpp.o",345097,315176,129084
"clang","test/CMakeFiles/unit.record.algo.rotate_left.exe.dir/Debug/unit/record/algo/rotate_left.cpp.o",420443,383492,134084
"clang","test/CMakeFiles/unit.record.algo.rotate_right.exe.dir/Debug/unit/record/algo/rotate_right.cpp.o",423922,377931,133904
"clang","test/CMakeFiles/unit.record.algo.transpose.exe.dir/Debug/unit/record/algo/transpose.cpp.o",462107,433101,136552
"clang","test/CMakeFiles/unit.record.algo.split.exe.dir/Debug/unit/record/algo/split.cpp.o",813297,746355,147552
"clang","test/CMakeFiles/unit.record.algo.unique.exe.dir/Debug/unit/record/algo/unique.cpp.o",897092,832158,157708
"clang","test/CMakeFiles/unit.record.algo.windows.exe.dir/Debug/unit/record/algo/windows.cpp.o",911636,840587,160260
"clang","test/CMakeFiles/unit.record.algo.zip.exe.dir/Debug/unit/record/algo/zip.cpp.o",536871,487883,136632
"clang","test/CMakeFiles/unit.record.api.aggregate_ctor.exe.dir/Debug/unit/record/api/aggregate_ctor.cpp.o",372355,336321,129788
"clang","test/CMakeFiles/unit.record.api.access.exe.dir/Debug/unit/record/api/access.cpp.o",774207,714191,146428
"clang","test/CMakeFiles/unit.record.api.builder.exe.dir/Debug/unit/record/api/builder.cpp.o",598482,549525,139852
"clang","test/CMakeFiles/unit.record.api.convert.exe.dir/Debug/unit/record/api/convert.cpp.o",600994,542995,140592
"clang","test/CMakeFiles/unit.record.api.ebo.exe.dir/Debug/unit/record/api/ebo.cpp.o",614680,564706,140312
"clang","test/CMakeFiles/unit.record.api.forward_as_record.exe.dir/Debug/unit/record/api/forward_as_record.cpp.o",575654,519688,138876
"clang","test/CMakeFiles/unit.record.api.make_record.exe.dir/Debug/unit/record/api/make_record.cpp.o",383749,356767,128880
"clang","test/CMakeFiles/unit.record.api.is_homogeneous.exe.dir/Debug/unit/record/api/is_homogeneous.cpp.o",561342,514397,138536
"clang","test/CMakeFiles/unit.record.api.tie.exe.dir/Debug/unit/record/api/tie.cpp.o",355430,321389,128692
"clang","test/CMakeFiles/unit.record.api.protocol.exe.dir/Debug/unit/record/api/protocol.cpp.o",596188,544259,139052
"clang","test/CMakeFiles/unit.record.api.to_ref.exe.dir/Debug/unit/record/api/to_ref.cpp.o",323020,288018,128124
"clang","test/CMakeFiles/unit.std.std.exe.dir/Debug/unit/std/std.cpp.o",547833,500848,140140
"clang","test/CMakeFiles/unit.tuple.algo.apply.exe.dir/Debug/unit/tuple/algo/apply.cpp.o",623836,571850,140588
"clang","test/CMakeFiles/unit.tuple.algo.apply_traits.exe.dir/Debug/unit/tuple/algo/apply_traits.cpp.o",383996,343997,132380
"clang","test/CMakeFiles/unit.tuple.algo.as_flat_ptr.exe.dir/Debug/unit/tuple/algo/as_flat_ptr.cpp.o",403463,367511,133580
"clang","test/CMakeFiles/unit.tuple.algo.back_front.exe.dir/Debug/unit/tuple/algo/back_front.cpp.o",598154,549142,140388
"clang","test/CMakeFiles/unit.tuple.algo.cartesian_product.exe.dir/Debug/unit/tuple/algo/cartesian_product.cpp.o",722257,670239,148892
"clang","test/CMakeFiles/unit.tuple.algo.cat.exe.dir/Debug/unit/tuple/algo/cat.cpp.o",852182,778253,156260
"clang","test/CMakeFiles/unit.tuple.algo.chunks.exe.dir/Debug/unit/tuple/algo/chunks.cpp.o",748757,695704,148328
"clang","test/CMakeFiles/unit.tuple.algo.compress.exe.dir/Debug/unit/tuple/algo/compress.cpp.o",642435,582395,141264
"clang","test/CMakeFiles/unit.tuple.algo.contains.exe.dir/Debug/unit/tuple/algo/contains.cpp.o",699892,636902,143420
"clang","test/CMakeFiles/unit.tuple.algo.extract.exe.dir/Debug/unit/tuple/algo/extract.cpp.o",723866,664877,145312
"clang","test/CMakeFiles/unit.tuple.algo.fill.exe.dir/Debug/unit/tuple/algo/fill.cpp.o",345509,311558,128620
"clang","test/CMakeFiles/unit.tuple.algo.filter.exe.dir/Debug/unit/tuple/algo/filter.cpp.o",653141,588127,141856
"clang","test/CMakeFiles/unit.tuple.algo.filter_not.exe.dir/Debug/unit/tuple/algo/filter_not.cpp.o",679989,638990,142320
"clang","test/CMakeFiles/unit.tuple.algo.fold.exe.dir/Debug/unit/tuple/algo/fold.cpp.o",503836,466848,135968
"clang","test/CMakeFiles/unit.tuple.algo.for_each.exe.dir/Debug/unit/tuple/algo/for_each.cpp.o",386755,353776,129984
"clang","test/CMakeFiles/unit.tuple.algo.flatten.exe.dir/Debug/unit/tuple/algo/flatten.cpp.o",1156991,1065072,173984
"clang","test/CMakeFiles/unit.tuple.algo.generate.exe.dir/Debug/unit/tuple/algo/generate.cpp.o",364110,330100,129240
"clang","test/CMakeFiles/unit.tuple.algo.inner_product.exe.dir/Debug/unit/tuple/algo/inner_product.cpp.o",328573,294514,127832
"clang","test/CMakeFiles/unit.tuple.algo.iota.exe.dir/Debug/unit/tuple/algo/iota.cpp.o",351210,310302,127388
"clang","test/CMakeFiles/unit.tuple.algo.locate.exe.dir/Debug/unit/tuple/algo/locate.cpp.o",318927,285935,126812
"clang","test/CMakeFiles/unit.tuple.algo.map_index.exe.dir/Debug/unit/tuple/algo/map_index.cpp.o",346692,313722,127896
"clang","test/CMakeFiles/unit.tuple.algo.map.exe.dir/Debug/unit/tuple/algo/map.cpp.o",744879,681890,147776
"clang","test/CMakeFiles/unit.tuple.algo.map_traits.exe.dir/Debug/unit/tuple/algo/map_traits.cpp.o",321434,294398,128124
"clang","test/CMakeFiles/unit.tuple.algo.member_cast.exe.dir/Debug/unit/tuple/algo/member_cast.cpp.o",331301,307280,127644
"clang","test/CMakeFiles/unit.tuple.algo.max.exe.dir/Debug/unit/tuple/algo/max.cpp.o",450347,416397,134472
"clang","test/CMakeFiles/unit.tuple.algo.min.exe.dir/Debug/unit/tuple/algo/min.cpp.o",440260,402324,133484
"clang","test/CMakeFiles/unit.tuple.algo.partition.exe.dir/Debug/unit/tuple/algo/partition.cpp.o",778836,719924,148528
"clang","test/CMakeFiles/unit.tuple.algo.predicates.exe.dir/Debug/unit/tuple/algo/predicates.cpp.o",420580,385532,131324
"clang","test/CMakeFiles/unit.tuple.algo.reduce.exe.dir/Debug/unit/tuple/algo/reduce.cpp.o",527597,489626,136432
"clang","test/CMakeFiles/unit.tuple.algo.push_pop.exe.dir/Debug/unit/tuple/algo/push_pop.cpp.o",731076,678071,144068
"clang","test/CMakeFiles/unit.tuple.algo.reindex.exe.dir/Debug/unit/tuple/algo/reindex.cpp.o",492441,451405,135972
"clang","test/CMakeFiles/unit.tuple.algo.remove.exe.dir/Debug/unit/tuple/algo/remove.cpp.o",765108,700099,143808
"clang","test/CMakeFiles/unit.tuple.algo.reorder.exe.dir/Debug/unit/tuple/algo/reorder.cpp.o",425173,384253,133404
"clang","test/CMakeFiles/unit.tuple.algo.rotate_left.exe.dir/Debug/unit/tuple/algo/rotate_left.cpp.o",360481,336449,129828
"clang","test/CMakeFiles/unit.tuple.algo.reverse.exe.dir/Debug/unit/tuple/algo/reverse.cpp.o",606435,554484,141096
"clang","test/CMakeFiles/unit.tuple.algo.rotate_right.exe.dir/Debug/unit/tuple/algo/rotate_right.cpp.o",367393,335359,129836
"clang","test/CMakeFiles/unit.tuple.algo.scan.exe.dir/Debug/unit/tuple/algo/scan.cpp.o",743903,694910,143356
"clang","test/CMakeFiles/unit.tuple.algo.split.exe.dir/Debug/unit/tuple/algo/split.cpp.o",948780,879796,159000
"clang","test/CMakeFiles/unit.tuple.algo.transpose.exe.dir/Debug/unit/tuple/algo/transpose.cpp.o",670571,607612,142752
"clang","test/CMakeFiles/unit.tuple.algo.unique.exe.dir/Debug/unit/tuple/algo/unique.cpp.o",737945,679950,146384
"clang","test/CMakeFiles/unit.tuple.algo.windows.exe.dir/Debug/unit/tuple/algo/windows.cpp.o",745494,691531,147248
"clang","test/CMakeFiles/unit.tuple.algo.zip.exe.dir/Debug/unit/tuple/algo/zip.cpp.o",894795,833809,159780
"clang","test/CMakeFiles/unit.tuple.api.access.exe.dir/Debug/unit/tuple/api/access.cpp.o",928173,868162,151296
"clang","test/CMakeFiles/unit.tuple.api.aggregate_ctor.exe.dir/Debug/unit/tuple/api/aggregate_ctor.cpp.o",347742,312668,127856
"clang","test/CMakeFiles/unit.tuple.api.adapt.exe.dir/Debug/unit/tuple/api/adapt.cpp.o",744356,692401,153344
"clang","test/CMakeFiles/unit.tuple.api.concepts.exe.dir/Debug/unit/tuple/api/concepts.cpp.o",306174,269153,125548
"clang","test/CMakeFiles/unit.tuple.api.builder.exe.dir/Debug/unit/tuple/api/builder.cpp.o",604765,550786,140612
"clang","test/CMakeFiles/unit.tuple.api.convert.exe.dir/Debug/unit/tuple/api/convert.cpp.o",661295,593265,144548
"clang","test/CMakeFiles/unit.tuple.api.ebo.exe.dir/Debug/unit/tuple/api/ebo.cpp.o",575069,520063,139152
"clang","test/CMakeFiles/unit.tuple.api.forward_as_tuple.exe.dir/Debug/unit/tuple/api/forward_as_tuple.cpp.o",545427,496389,139400
"clang","test/CMakeFiles/unit.tuple.api.is_homogeneous.exe.dir/Debug/unit/tuple/api/is_homogeneous.cpp.o",544082,488074,139056
"clang","test/CMakeFiles/unit.tuple.api.make_tuple.exe.dir/Debug/unit/tuple/api/make_tuple.cpp.o",594946,544951,140976
"clang","test/CMakeFiles/unit.tuple.api.protocol.exe.dir/Debug/unit/tuple/api/protocol.cpp.o",585513,540474,140320
"clang","test/CMakeFiles/unit.tuple.api.tie.exe.dir/Debug/unit/tuple/api/tie.cpp.o",331824,301840,126516
"clang","test/CMakeFiles/unit.tuple.api.to_ref.exe.dir/Debug/unit/tuple/api/to_ref.cpp.o",304641,268684,126360
