"clang","test/CMakeFiles/doc.infra.as.exe.dir/Debug/doc/infra/as.cpp.o",614339,556496,128372
"clang","test/CMakeFiles/doc.infra.as_streamable.exe.dir/Debug/doc/infra/as_streamable.cpp.o",651431,587487,132120
"clang","test/CMakeFiles/doc.infra.capture_field.exe.dir/Debug/doc/infra/capture_field.cpp.o",611415,563383,132492
"clang","test/CMakeFiles/doc.infra.checked.exe.dir/Debug/doc/infra/checked.cpp.o",623917,569925,133080
"clang","test/CMakeFiles/doc.infra.field_cast.exe.dir/Debug/doc/infra/field_cast.cpp.o",623751,574771,132040
"clang","test/CMakeFiles/doc.infra.containers.exe.dir/Debug/doc/infra/containers.cpp.o",770333,709386,135700
"clang","test/CMakeFiles/doc.infra.field_value_of.exe.dir/Debug/doc/infra/field_value_of.cpp.o",616989,563990,131980
"clang","test/CMakeFiles/doc.infra.flag.exe.dir/Debug/doc/infra/flag.cpp.o",620024,568022,132528
"clang","test/CMakeFiles/doc.infra.identifier_of.exe.dir/Debug/doc/infra/identifier_of.cpp.o",627944,570859,131680
"clang","test/CMakeFiles/doc.infra.index.exe.dir/Debug/doc/infra/index.cpp.o",605396,553448,127360
"clang","test/CMakeFiles/doc.infra.label.exe.dir/Debug/doc/infra/label.cpp.o",622299,576277,132136
"clang","test/CMakeFiles/doc.infra.label_of.exe.dir/Debug/doc/infra/label_of.cpp.o",618198,565181,132136
"clang","test/CMakeFiles/doc.infra.members_of.exe.dir/Debug/doc/infra/members_of.cpp.o",660798,609814,133568
"clang","test/CMakeFiles/doc.infra.name.exe.dir/Debug/doc/infra/name.cpp.o",615240,562220,131792
"clang","test/CMakeFiles/doc.infra.named_get_udt.exe.dir/Debug/doc/infra/named_get_udt.cpp.o",639386,601423,133216
"clang","test/CMakeFiles/doc.infra.only.exe.dir/Debug/doc/infra/only.cpp.o",619938,567944,132840
"clang","test/CMakeFiles/doc.infra.projections.exe.dir/Debug/doc/infra/projections.cpp.o",635629,590656,132688
"clang","test/CMakeFiles/doc.infra.regular.exe.dir/Debug/doc/infra/regular.cpp.o",645938,605942,132968
"clang","test/CMakeFiles/doc.infra.to_str.exe.dir/Debug/doc/infra/to_str.cpp.o",629075,560067,131204
"clang","test/CMakeFiles/doc.infra.typed_get_udt.exe.dir/Debug/doc/infra/typed_get_udt.cpp.o",626435,574399,132424
"clang","test/CMakeFiles/doc.infra.values_of.exe.dir/Debug/doc/infra/values_of.cpp.o",672123,633116,133468
"clang","test/CMakeFiles/doc.record.algo.all_of.exe.dir/Debug/doc/record/algo/all_of.cpp.o",662525,615559,134288
"clang","test/CMakeFiles/doc.record.algo.all_unique.exe.dir/Debug/doc/record/algo/all_unique.cpp.o",656664,600522,133828
"clang","test/CMakeFiles/doc.record.algo.any_of.exe.dir/Debug/doc/record/algo/any_of.cpp.o",673926,610028,132376
"clang","test/CMakeFiles/doc.record.algo.apply_field.exe.dir/Debug/doc/record/algo/apply_field.cpp.o",636432,581395,133444
"clang","test/CMakeFiles/doc.record.algo.apply.exe.dir/Debug/doc/record/algo/apply.cpp.o",681329,634307,132128
"clang","test/CMakeFiles/doc.record.algo.back-front.exe.dir/Debug/doc/record/algo/back-front.cpp.o",653369,603341,131804
"clang","test/CMakeFiles/doc.record.algo.as_flat_ptr.exe.dir/Debug/doc/record/algo/as_flat_ptr.cpp.o",761858,702869,136664
"clang","test/CMakeFiles/doc.record.algo.bit_and.exe.dir/Debug/doc/record/algo/bit_and.cpp.o",664853,611865,131904
"clang","test/CMakeFiles/doc.record.algo.bit_or.exe.dir/Debug/doc/record/algo/bit_or.cpp.o",669095,621089,132188
"clang","test/CMakeFiles/doc.record.algo.bit_xor.exe.dir/Debug/doc/record/algo/bit_xor.cpp.o",676227,632213,130520
"clang","test/CMakeFiles/doc.record.algo.cartesian_product.exe.dir/Debug/doc/record/algo/cartesian_product.cpp.o",1224858,1145868,162452
"clang","test/CMakeFiles/doc.record.algo.cat.exe.dir/Debug/doc/record/algo/cat.cpp.o",715357,644421,134736
"clang","test/CMakeFiles/doc.record.algo.compress.exe.dir/Debug/doc/record/algo/compress.cpp.o",726672,662701,134992
"clang","test/CMakeFiles/doc.record.algo.chunks.exe.dir/Debug/doc/record/algo/chunks.cpp.o",948259,878314,142176
"clang","test/CMakeFiles/doc.record.algo.contains.exe.dir/Debug/doc/record/algo/contains.cpp.o",634888,578898,130392
"clang","test/CMakeFiles/doc.record.algo.contains_any.exe.dir/Debug/doc/record/algo/contains_any.cpp.o",634799,578817,130160
"clang","test/CMakeFiles/doc.record.algo.contains_none.exe.dir/Debug/doc/record/algo/contains_none.cpp.o",649853,606863,130892
"clang","test/CMakeFiles/doc.record.algo.contains_only.exe.dir/Debug/doc/record/algo/contains_only.cpp.o",638339,589313,129276
"clang","test/CMakeFiles/doc.record.algo.count.exe.dir/Debug/doc/record/algo/count.cpp.o",674960,613964,131120
"clang","test/CMakeFiles/doc.record.algo.count_if.exe.dir/Debug/doc/record/algo/count_if.cpp.o",654952,603956,131432
"clang","test/CMakeFiles/doc.record.algo.exclusive_scan_left.exe.dir/Debug/doc/record/algo/exclusive_scan_left.cpp.o",819198,752182,138160
"clang","test/CMakeFiles/doc.record.algo.exclusive_scan_right.exe.dir/Debug/doc/record/algo/exclusive_scan_right.cpp.o",821239,759221,138488
"clang","test/CMakeFiles/doc.record.algo.extract.exe.dir/Debug/doc/record/algo/extract.cpp.o",701060,638055,134036
"clang","test/CMakeFiles/doc.record.algo.filter.exe.dir/Debug/doc/record/algo/filter.cpp.o",722615,673574,135600
"clang","test/CMakeFiles/doc.record.algo.filter_not.exe.dir/Debug/doc/record/algo/filter_not.cpp.o",757159,695146,136276
"clang","test/CMakeFiles/doc.record.algo.flatten.exe.dir/Debug/doc/record/algo/flatten.cpp.o",797902,741909,136444
"clang","test/CMakeFiles/doc.record.algo.fold_left.exe.dir/Debug/doc/record/algo/fold_left.cpp.o",849666,790690,139112
"clang","test/CMakeFiles/doc.record.algo.flatten_all.exe.dir/Debug/doc/record/algo/flatten_all.cpp.o",1145552,1060586,154060
"clang","test/CMakeFiles/doc.record.algo.for_each.exe.dir/Debug/doc/record/algo/for_each.cpp.o",652108,602100,133652
"clang","test/CMakeFiles/doc.record.algo.fold_right.exe.dir/Debug/doc/record/algo/fold_right.cpp.o",853611,795638,139192
"clang","test/CMakeFiles/doc.record.algo.for_each_field.exe.dir/Debug/doc/record/algo/for_each_field.cpp.o",678123,628188,134464
"clang","test/CMakeFiles/doc.record.algo.inclusive_scan_left.exe.dir/Debug/doc/record/algo/inclusive_scan_left.cpp.o",824249,766232,138596
"clang","test/CMakeFiles/doc.record.algo.inclusive_scan_right.exe.dir/Debug/doc/record/algo/inclusive_scan_right.cpp.o",815839,758851,138312
"clang","test/CMakeFiles/doc.record.algo.inner_product.exe.dir/Debug/doc/record/algo/inner_product.cpp.o",742441,682487,132724
"clang","test/CMakeFiles/doc.record.algo.locate.exe.dir/Debug/doc/record/algo/locate.cpp.o",665825,615839,131992
"clang","test/CMakeFiles/doc.record.algo.map.exe.dir/Debug/doc/record/algo/map.cpp.o",679000,631071,134340
"clang","test/CMakeFiles/doc.record.algo.map_field.exe.dir/Debug/doc/record/algo/map_field.cpp.o",679296,624272,134264
"clang","test/CMakeFiles/doc.record.algo.map_reduce.exe.dir/Debug/doc/record/algo/map_reduce.cpp.o",704215,645281,133864
"clang","test/CMakeFiles/doc.record.algo.max.exe.dir/Debug/doc/record/algo/max.cpp.o",693667,625602,135228
"clang","test/CMakeFiles/doc.record.algo.max_flat.exe.dir/Debug/doc/record/algo/max_flat.cpp.o",681154,616140,134828
"clang","test/CMakeFiles/doc.record.algo.member_cast.exe.dir/Debug/doc/record/algo/member_cast.cpp.o",675885,630893,134168
"clang","test/CMakeFiles/doc.record.algo.min.exe.dir/Debug/doc/record/algo/min.cpp.o",676436,624480,134140
"clang","test/CMakeFiles/doc.record.algo.min_flat.exe.dir/Debug/doc/record/algo/min_flat.cpp.o",683291,629268,133976
"clang","test/CMakeFiles/doc.record.algo.none_of.exe.dir/Debug/doc/record/algo/none_of.cpp.o",643919,590926,133492
"clang","test/CMakeFiles/doc.record.algo.pop_back.exe.dir/Debug/doc/record/algo/pop_back.cpp.o",664954,612958,133216
"clang","test/CMakeFiles/doc.record.algo.partition.exe.dir/Debug/doc/record/algo/partition.cpp.o",809980,739982,137324
"clang","test/CMakeFiles/doc.record.algo.pop_front.exe.dir/Debug/doc/record/algo/pop_front.cpp.o",668675,610876,133852
"clang","test/CMakeFiles/doc.record.algo.prod.exe.dir/Debug/doc/record/algo/prod.cpp.o",687814,618733,132368
"clang","test/CMakeFiles/doc.record.algo.push_back.exe.dir/Debug/doc/record/algo/push_back.cpp.o",674696,614723,132616
"clang","test/CMakeFiles/doc.record.algo.push_front.exe.dir/Debug/doc/record/algo/push_front.cpp.o",666563,612518,132684
"clang","test/CMakeFiles/doc.record.algo.reindex.exe.dir/Debug/doc/record/algo/reindex.cpp.o",660614,607645,132892
"clang","test/CMakeFiles/doc.record.algo.reduce.exe.dir/Debug/doc/record/algo/reduce.cpp.o",805750,740771,136932
"clang","test/CMakeFiles/doc.record.algo.remove.exe.dir/Debug/doc/record/algo/remove.cpp.o",712979,657981,134388
"clang","test/CMakeFiles/doc.record.algo.reorder.exe.dir/Debug/doc/record/algo/reorder.cpp.o",658235,604298,132132
"clang","test/CMakeFiles/doc.record.algo.reorder_fields.exe.dir/Debug/doc/record/algo/reorder_fields.cpp.o",664923,607930,134012
"clang","test/CMakeFiles/doc.record.algo.reverse.exe.dir/Debug/doc/record/algo/reverse.cpp.o",657901,614908,132800
"clang","test/CMakeFiles/doc.record.algo.rotate_left.exe.dir/Debug/doc/record/algo/rotate_left.cpp.o",700728,649748,133204
"clang","test/CMakeFiles/doc.record.algo.rotate_right.exe.dir/Debug/doc/record/algo/rotate_right.cpp.o",709409,661382,134096
"clang","test/CMakeFiles/doc.record.algo.split.exe.dir/Debug/doc/record/algo/split.cpp.o",693567,637602,132744
"clang","test/CMakeFiles/doc.record.algo.sum.exe.dir/Debug/doc/record/algo/sum.cpp.o",673941,619946,132720
"clang","test/CMakeFiles/doc.record.algo.transpose.exe.dir/Debug/doc/record/algo/transpose.cpp.o",717164,667153,135888
"clang","test/CMakeFiles/doc.record.algo.tiles.exe.dir/Debug/doc/record/algo/tiles.cpp.o",876739,827698,139920
"clang","test/CMakeFiles/doc.record.algo.unique.exe.dir/Debug/doc/record/algo/unique.cpp.o",668482,612526,132296
"clang","test/CMakeFiles/doc.record.algo.windows.exe.dir/Debug/doc/record/algo/windows.cpp.o",1025090,956152,147648
"clang","test/CMakeFiles/doc.record.algo.zip.exe.dir/Debug/doc/record/algo/zip.cpp.o",733457,671419,135880
"clang","test/CMakeFiles/doc.record.algo.zip_min.exe.dir/Debug/doc/record/algo/zip_min.cpp.o",744227,692212,135028
"clang","test/CMakeFiles/doc.record.api.adapt.exe.dir/Debug/doc/record/api/adapt.cpp.o",658343,602314,132936
"clang","test/CMakeFiles/doc.record.api.forward_as_record.exe.dir/Debug/doc/record/api/forward_as_record.cpp.o",730354,670325,136544
"clang","test/CMakeFiles/doc.record.api.from_record.exe.dir/Debug/doc/record/api/from_record.cpp.o",677617,623648,134408
"clang","test/CMakeFiles/doc.record.api.get.exe.dir/Debug/doc/record/api/get.cpp.o",640062,582057,131772
"clang","test/CMakeFiles/doc.record.api.introduction.exe.dir/Debug/doc/record/api/introduction.cpp.o",733005,680005,135652
"clang","test/CMakeFiles/doc.record.api.labeled_get.exe.dir/Debug/doc/record/api/labeled_get.cpp.o",663750,601774,133036
"clang","test/CMakeFiles/doc.record.api.labeled_subscript.exe.dir/Debug/doc/record/api/labeled_subscript.cpp.o",651321,593293,131708
"clang","test/CMakeFiles/doc.record.api.make_record.exe.dir/Debug/doc/record/api/make_record.cpp.o",797862,735873,137080
"clang","test/CMakeFiles/doc.record.api.named_get.exe.dir/Debug/doc/record/api/named_get.cpp.o",640155,593144,130604
"clang","test/CMakeFiles/doc.record.api.named_subscript.exe.dir/Debug/doc/record/api/named_subscript.cpp.o",657685,606710,132080
"clang","test/CMakeFiles/doc.record.api.subscript.exe.dir/Debug/doc/record/api/subscript.cpp.o",637944,584949,132820
"clang","test/CMakeFiles/doc.record.api.tie_as_record.exe.dir/Debug/doc/record/api/tie_as_record.cpp.o",644256,596237,130860
"clang","test/CMakeFiles/doc.record.api.to_record.exe.dir/Debug/doc/record/api/to_record.cpp.o",651884,590895,133916
"clang","test/CMakeFiles/doc.record.api.to_ref.exe.dir/Debug/doc/record/api/to_ref.cpp.o",681260,625239,134056
"clang","test/CMakeFiles/doc.record.api.typed_get.exe.dir/Debug/doc/record/api/typed_get.cpp.o",649945,600950,129316
"clang","test/CMakeFiles/doc.record.api.typed_subscript.exe.dir/Debug/doc/record/api/typed_subscript.cpp.o",639177,584162,130488
"clang","test/CMakeFiles/doc.tuple.algo.all_of.exe.dir/Debug/doc/tuple/algo/all_of.cpp.o",639982,581984,131980
"clang","test/CMakeFiles/doc.tuple.algo.all_unique.exe.dir/Debug/doc/tuple/algo/all_unique.cpp.o",646607,601635,132224
"clang","test/CMakeFiles/doc.tuple.algo.any_of.exe.dir/Debug/doc/tuple/algo/any_of.cpp.o",632114,580105,131420
"clang","test/CMakeFiles/doc.tuple.algo.apply.exe.dir/Debug/doc/tuple/algo/apply.cpp.o",632696,583487,128708
"clang","test/CMakeFiles/doc.tuple.algo.as_flat_ptr.exe.dir/Debug/doc/tuple/algo/as_flat_ptr.cpp.o",710444,641401,133440
"clang","test/CMakeFiles/doc.tuple.algo.back-front.exe.dir/Debug/doc/tuple/algo/back-front.cpp.o",627221,575203,131276
"clang","test/CMakeFiles/doc.tuple.algo.bit_and.exe.dir/Debug/doc/tuple/algo/bit_and.cpp.o",648387,593355,129648
"clang","test/CMakeFiles/doc.tuple.algo.bit_or.exe.dir/Debug/doc/tuple/algo/bit_or.cpp.o",648247,599229,130648
"clang","test/CMakeFiles/doc.tuple.algo.bit_xor.exe.dir/Debug/doc/tuple/algo/bit_xor.cpp.o",648483,585436,130300
"clang","test/CMakeFiles/doc.tuple.algo.cat.exe.dir/Debug/doc/tuple/algo/cat.cpp.o",673461,631433,133296
"clang","test/CMakeFiles/doc.tuple.algo.cartesian_product.exe.dir/Debug/doc/tuple/algo/cartesian_product.cpp.o",934533,869496,147688
"clang","test/CMakeFiles/doc.tuple.algo.compress.exe.dir/Debug/doc/tuple/algo/compress.cpp.o",632922,573930,132220
"clang","test/CMakeFiles/doc.tuple.algo.chunks.exe.dir/Debug/doc/tuple/algo/chunks.cpp.o",802137,739205,137180
"clang","test/CMakeFiles/doc.tuple.algo.contains.exe.dir/Debug/doc/tuple/algo/contains.cpp.o",632664,582691,129324
"clang","test/CMakeFiles/doc.tuple.algo.contains_any.exe.dir/Debug/doc/tuple/algo/contains_any.cpp.o",637589,578627,130196
"clang","test/CMakeFiles/doc.tuple.algo.contains_none.exe.dir/Debug/doc/tuple/algo/contains_none.cpp.o",642648,579585,130500
"clang","test/CMakeFiles/doc.tuple.algo.contains_only.exe.dir/Debug/doc/tuple/algo/contains_only.cpp.o",633458,581503,129672
"clang","test/CMakeFiles/doc.tuple.algo.count.exe.dir/Debug/doc/tuple/algo/count.cpp.o",624968,573971,126912
"clang","test/CMakeFiles/doc.tuple.algo.count_if.exe.dir/Debug/doc/tuple/algo/count_if.cpp.o",628565,580446,128116
"clang","test/CMakeFiles/doc.tuple.algo.exclusive_scan_left.exe.dir/Debug/doc/tuple/algo/exclusive_scan_left.cpp.o",727179,661163,134908
"clang","test/CMakeFiles/doc.tuple.algo.exclusive_scan_right.exe.dir/Debug/doc/tuple/algo/exclusive_scan_right.cpp.o",727832,681843,134612
"clang","test/CMakeFiles/doc.tuple.algo.fill.exe.dir/Debug/doc/tuple/algo/fill.cpp.o",638833,575850,130720
"clang","test/CMakeFiles/doc.tuple.algo.extract.exe.dir/Debug/doc/tuple/algo/extract.cpp.o",660742,599674,132960
"clang","test/CMakeFiles/doc.tuple.algo.filter.exe.dir/Debug/doc/tuple/algo/filter.cpp.o",693334,644311,134380
"clang","test/CMakeFiles/doc.tuple.algo.filter_not.exe.dir/Debug/doc/tuple/algo/filter_not.cpp.o",715358,653414,134140
"clang","test/CMakeFiles/doc.tuple.algo.flatten.exe.dir/Debug/doc/tuple/algo/flatten.cpp.o",722644,668671,134892
"clang","test/CMakeFiles/doc.tuple.algo.flatten_all.exe.dir/Debug/doc/tuple/algo/flatten_all.cpp.o",909087,842081,140884
"clang","test/CMakeFiles/doc.tuple.algo.fold_left.exe.dir/Debug/doc/tuple/algo/fold_left.cpp.o",780446,733420,136480
"clang","test/CMakeFiles/doc.tuple.algo.fold_right.exe.dir/Debug/doc/tuple/algo/fold_right.cpp.o",776436,720477,135652
"clang","test/CMakeFiles/doc.tuple.algo.for_each.exe.dir/Debug/doc/tuple/algo/for_each.cpp.o",633797,588741,133136
"clang","test/CMakeFiles/doc.tuple.algo.for_each_field.exe.dir/Debug/doc/tuple/algo/for_each_field.cpp.o",657934,602940,132980
"clang","test/CMakeFiles/doc.tuple.algo.for_each_index.exe.dir/Debug/doc/tuple/algo/for_each_index.cpp.o",641649,583681,134160
"clang","test/CMakeFiles/doc.tuple.algo.generate.exe.dir/Debug/doc/tuple/algo/generate.cpp.o",638145,585133,133492
"clang","test/CMakeFiles/doc.tuple.algo.inclusive_scan_left.exe.dir/Debug/doc/tuple/algo/inclusive_scan_left.cpp.o",743421,695459,135996
"clang","test/CMakeFiles/doc.tuple.algo.inclusive_scan_right.exe.dir/Debug/doc/tuple/algo/inclusive_scan_right.cpp.o",733568,680600,136464
"clang","test/CMakeFiles/doc.tuple.algo.inner_product.exe.dir/Debug/doc/tuple/algo/inner_product.cpp.o",626462,581429,130472
"clang","test/CMakeFiles/doc.tuple.algo.iota.exe.dir/Debug/doc/tuple/algo/iota.cpp.o",657530,611493,133824
"clang","test/CMakeFiles/doc.tuple.algo.locate.exe.dir/Debug/doc/tuple/algo/locate.cpp.o",635646,584675,131048
"clang","test/CMakeFiles/doc.tuple.algo.map.exe.dir/Debug/doc/tuple/algo/map.cpp.o",641206,593191,132908
"clang","test/CMakeFiles/doc.tuple.algo.map_index.exe.dir/Debug/doc/tuple/algo/map_index.cpp.o",647659,594687,132880
"clang","test/CMakeFiles/doc.tuple.algo.map_reduce.exe.dir/Debug/doc/tuple/algo/map_reduce.cpp.o",666558,606598,131408
"clang","test/CMakeFiles/doc.tuple.algo.max.exe.dir/Debug/doc/tuple/algo/max.cpp.o",657741,607761,133520
"clang","test/CMakeFiles/doc.tuple.algo.max_flat.exe.dir/Debug/doc/tuple/algo/max_flat.cpp.o",653181,594165,133508
"clang","test/CMakeFiles/doc.tuple.algo.member_cast.exe.dir/Debug/doc/tuple/algo/member_cast.cpp.o",653485,599445,131380
"clang","test/CMakeFiles/doc.tuple.algo.min.exe.dir/Debug/doc/tuple/algo/min.cpp.o",645923,606928,132412
"clang","test/CMakeFiles/doc.tuple.algo.min_flat.exe.dir/Debug/doc/tuple/algo/min_flat.cpp.o",646250,591314,133032
"clang","test/CMakeFiles/doc.tuple.algo.none_of.exe.dir/Debug/doc/tuple/algo/none_of.cpp.o",629991,583992,132908
"clang","test/CMakeFiles/doc.tuple.algo.partition.exe.dir/Debug/doc/tuple/algo/partition.cpp.o",760517,701477,135608
"clang","test/CMakeFiles/doc.tuple.algo.pop_back.exe.dir/Debug/doc/tuple/algo/pop_back.cpp.o",642739,592760,132540
"clang","test/CMakeFiles/doc.tuple.algo.pop_front.exe.dir/Debug/doc/tuple/algo/pop_front.cpp.o",645001,608001,132564
"clang","test/CMakeFiles/doc.tuple.algo.prod.exe.dir/Debug/doc/tuple/algo/prod.cpp.o",651980,609982,130924
"clang","test/CMakeFiles/doc.tuple.algo.push_back.exe.dir/Debug/doc/tuple/algo/push_back.cpp.o",650150,592137,131964
"clang","test/CMakeFiles/doc.tuple.algo.push_front.exe.dir/Debug/doc/tuple/algo/push_front.cpp.o",649628,598658,132728
"clang","test/CMakeFiles/doc.tuple.algo.reduce.exe.dir/Debug/doc/tuple/algo/reduce.cpp.o",726133,674195,131896
"clang","test/CMakeFiles/doc.tuple.algo.reindex.exe.dir/Debug/doc/tuple/algo/reindex.cpp.o",695746,648764,134636
"clang","test/CMakeFiles/doc.tuple.algo.remove.exe.dir/Debug/doc/tuple/algo/remove.cpp.o",696000,636000,132088
"clang","test/CMakeFiles/doc.tuple.algo.reorder.exe.dir/Debug/doc/tuple/algo/reorder.cpp.o",660339,611314,131512
"clang","test/CMakeFiles/doc.tuple.algo.reverse.exe.dir/Debug/doc/tuple/algo/reverse.cpp.o",643276,585342,132296
"clang","test/CMakeFiles/doc.tuple.algo.rotate_left.exe.dir/Debug/doc/tuple/algo/rotate_left.cpp.o",646360,593331,133364
"clang","test/CMakeFiles/doc.tuple.algo.rotate_right.exe.dir/Debug/doc/tuple/algo/rotate_right.cpp.o",650543,602503,132336
"clang","test/CMakeFiles/doc.tuple.algo.split.exe.dir/Debug/doc/tuple/algo/split.cpp.o",666916,619922,133216
"clang","test/CMakeFiles/doc.tuple.algo.sum.exe.dir/Debug/doc/tuple/algo/sum.cpp.o",653784,596803,129444
"clang","test/CMakeFiles/doc.tuple.algo.tiles.exe.dir/Debug/doc/tuple/algo/tiles.cpp.o",765299,710278,135756
"clang","test/CMakeFiles/doc.tuple.algo.transpose.exe.dir/Debug/doc/tuple/algo/transpose.cpp.o",669084,618078,132428
"clang","test/CMakeFiles/doc.tuple.algo.unique.exe.dir/Debug/doc/tuple/algo/unique.cpp.o",644445,593489,132624
"clang","test/CMakeFiles/doc.tuple.algo.zip.exe.dir/Debug/doc/tuple/algo/zip.cpp.o",668560,614515,133296
"clang","test/CMakeFiles/doc.tuple.algo.windows.exe.dir/Debug/doc/tuple/algo/windows.cpp.o",870340,813318,140492
"clang","test/CMakeFiles/doc.tuple.algo.zip_min.exe.dir/Debug/doc/tuple/algo/zip_min.cpp.o",666799,607817,133268
"clang","test/CMakeFiles/doc.tuple.algo.zip_max.exe.dir/Debug/doc/tuple/algo/zip_max.cpp.o",720168,660154,135084
"clang","test/CMakeFiles/doc.tuple.api.as_tuple.exe.dir/Debug/doc/tuple/api/as_tuple.cpp.o",208135,181247,110124
"clang","test/CMakeFiles/doc.tuple.api.adapt.exe.dir/Debug/doc/tuple/api/adapt.cpp.o",647396,606371,131664
"clang","test/CMakeFiles/doc.tuple.api.cast.exe.dir/Debug/doc/tuple/api/cast.cpp.o",643777,585707,132696
"clang","test/CMakeFiles/doc.tuple.api.forward_as_tuple.exe.dir/Debug/doc/tuple/api/forward_as_tuple.cpp.o",729336,670309,136360
"clang","test/CMakeFiles/doc.tuple.api.from_tuple.exe.dir/Debug/doc/tuple/api/from_tuple.cpp.o",635342,589318,134548
"clang","test/CMakeFiles/doc.tuple.api.get.exe.dir/Debug/doc/tuple/api/get.cpp.o",627693,564724,129320
"clang","test/CMakeFiles/doc.tuple.api.introduction.exe.dir/Debug/doc/tuple/api/introduction.cpp.o",682076,613069,134016
"clang","test/CMakeFiles/doc.tuple.api.labeled_get.exe.dir/Debug/doc/tuple/api/labeled_get.cpp.o",652865,605875,131372
"clang","test/CMakeFiles/doc.tuple.api.labeled_subscript.exe.dir/Debug/doc/tuple/api/labeled_subscript.cpp.o",647101,592093,132736
"clang","test/CMakeFiles/doc.tuple.api.make_tuple.exe.dir/Debug/doc/tuple/api/make_tuple.cpp.o",775510,725478,135392
"clang","test/CMakeFiles/doc.tuple.api.named_get.exe.dir/Debug/doc/tuple/api/named_get.cpp.o",642424,598464,130528
"clang","test/CMakeFiles/doc.tuple.api.named_subscript.exe.dir/Debug/doc/tuple/api/named_subscript.cpp.o",660441,606405,133268
"clang","test/CMakeFiles/doc.tuple.api.soa.exe.dir/Debug/doc/tuple/api/soa.cpp.o",975959,896963,154576
"clang","test/CMakeFiles/doc.tuple.api.subscript.exe.dir/Debug/doc/tuple/api/subscript.cpp.o",618995,564996,129460
"clang","test/CMakeFiles/doc.tuple.api.tie.exe.dir/Debug/doc/tuple/api/tie.cpp.o",625545,566588,129316
"clang","test/CMakeFiles/doc.tuple.api.to_ref.exe.dir/Debug/doc/tuple/api/to_ref.cpp.o",640641,589670,132404
"clang","test/CMakeFiles/doc.tuple.api.to_tuple.exe.dir/Debug/doc/tuple/api/to_tuple.cpp.o",628595,585623,132264
"clang","test/CMakeFiles/doc.tuple.api.typed_get.exe.dir/Debug/doc/tuple/api/typed_get.cpp.o",631527,582564,129340
"clang","test/CMakeFiles/doc.tuple.api.typed_subscript.exe.dir/Debug/doc/tuple/api/typed_subscript.cpp.o",613507,562548,129092
"clang","test/CMakeFiles/unit.infra.common_reference.exe.dir/Debug/unit/infra/common_reference.cpp.o",435418,391477,126420
"clang","test/CMakeFiles/unit.infra.concepts.exe.dir/Debug/unit/infra/concepts.cpp.o",605461,560427,134256
"clang","test/CMakeFiles/unit.infra.containers.exe.dir/Debug/unit/infra/containers.cpp.o",986923,907930,152348
"clang","test/CMakeFiles/unit.infra.field.exe.dir/Debug/unit/infra/field.cpp.o",504656,461686,129420
"clang","test/CMakeFiles/unit.infra.get_helper.exe.dir/Debug/unit/infra/get_helper.cpp.o",932678,858625,150596
"clang","test/CMakeFiles/unit.infra.identifier.exe.dir/Debug/unit/infra/identifier.cpp.o",910518,855487,148800
"clang","test/CMakeFiles/unit.infra.projection_map.exe.dir/Debug/unit/infra/projection_map.cpp.o",493928,450935,128768
"clang","test/CMakeFiles/unit.infra.make_streamable.exe.dir/Debug/unit/infra/make_streamable.cpp.o",933707,870727,150292
"clang","test/CMakeFiles/unit.infra.std_type_traits.exe.dir/Debug/unit/infra/std_type_traits.cpp.o",491637,444672,127240
"clang","test/CMakeFiles/unit.infra.str.exe.dir/Debug/unit/infra/str.cpp.o",603952,555956,130732
"clang","test/CMakeFiles/unit.record.algo.apply.exe.dir/Debug/unit/record/algo/apply.cpp.o",949122,876113,148932
"clang","test/CMakeFiles/unit.record.algo.as_flat_ptr.exe.dir/Debug/unit/record/algo/as_flat_ptr.cpp.o",751621,718638,139192
"clang","test/CMakeFiles/unit.record.algo.back_front.exe.dir/Debug/unit/record/algo/back_front.cpp.o",633886,576897,133656
"clang","test/CMakeFiles/unit.record.algo.cat.exe.dir/Debug/unit/record/algo/cat.cpp.o",917489,849527,142152
"clang","test/CMakeFiles/unit.record.algo.cartesian_product.exe.dir/Debug/unit/record/algo/cartesian_product.cpp.o",1319195,1243242,165160
"clang","test/CMakeFiles/unit.record.algo.chunks.exe.dir/Debug/unit/record/algo/chunks.cpp.o",1279255,1208241,163272
"clang","test/CMakeFiles/unit.record.algo.compress.exe.dir/Debug/unit/record/algo/compress.cpp.o",1360631,1293650,163312
"clang","test/CMakeFiles/unit.record.algo.extract.exe.dir/Debug/unit/record/algo/extract.cpp.o",782543,744566,138176
"clang","test/CMakeFiles/unit.record.algo.contains.exe.dir/Debug/unit/record/algo/contains.cpp.o",1016939,953943,153280
"clang","test/CMakeFiles/unit.record.algo.filter.exe.dir/Debug/unit/record/algo/filter.cpp.o",1040016,978075,155584
"clang","test/CMakeFiles/unit.record.algo.filter_not.exe.dir/Debug/unit/record/algo/filter_not.cpp.o",1121522,1048554,158448
"clang","test/CMakeFiles/unit.record.algo.fold.exe.dir/Debug/unit/record/algo/fold.cpp.o",816311,757289,138968
"clang","test/CMakeFiles/unit.record.algo.for_each.exe.dir/Debug/unit/record/algo/for_each.cpp.o",735940,678945,137996
"clang","test/CMakeFiles/unit.record.algo.flatten.exe.dir/Debug/unit/record/algo/flatten.cpp.o",2085914,1953920,196012
"clang","test/CMakeFiles/unit.record.algo.inner_product.exe.dir/Debug/unit/record/algo/inner_product.cpp.o",555381,514427,130380
"clang","test/CMakeFiles/unit.record.algo.locate.exe.dir/Debug/unit/record/algo/locate.cpp.o",548776,508793,131936
"clang","test/CMakeFiles/unit.record.algo.map.exe.dir/Debug/unit/record/algo/map.cpp.o",661193,617181,136068
"clang","test/CMakeFiles/unit.record.algo.map_field.exe.dir/Debug/unit/record/algo/map_field.cpp.o",713122,667179,137484
"clang","test/CMakeFiles/unit.record.algo.max.exe.dir/Debug/unit/record/algo/max.cpp.o",852966,792969,140180
"clang","test/CMakeFiles/unit.record.algo.member_cast.exe.dir/Debug/unit/record/algo/member_cast.cpp.o",594713,562675,131964
"clang","test/CMakeFiles/unit.record.algo.min.exe.dir/Debug/unit/record/algo/min.cpp.o",804014,739013,138016
"clang","test/CMakeFiles/unit.record.algo.partition.exe.dir/Debug/unit/record/algo/partition.cpp.o",773640,719666,139560
"clang","test/CMakeFiles/unit.record.algo.predicates.exe.dir/Debug/unit/record/algo/predicates.cpp.o",732301,680280,136400
"clang","test/CMakeFiles/unit.record.algo.push_pop.exe.dir/Debug/unit/record/algo/push_pop.cpp.o",762478,714511,137372
"clang","test/CMakeFiles/unit.record.algo.reduce.exe.dir/Debug/unit/record/algo/reduce.cpp.o",808202,745187,137640
"clang","test/CMakeFiles/unit.record.algo.reindex.exe.dir/Debug/unit/record/algo/reindex.cpp.o",721305,668283,137544
"clang","test/CMakeFiles/unit.record.algo.reorder.exe.dir/Debug/unit/record/algo/reorder.cpp.o",800905,741912,138316
"clang","test/CMakeFiles/unit.record.algo.remove.exe.dir/Debug/unit/record/algo/remove.cpp.o",1292415,1220448,160916
"clang","test/CMakeFiles/unit.record.algo.reverse.exe.dir/Debug/unit/record/algo/reverse.cpp.o",537852,499863,129052
"clang","test/CMakeFiles/unit.record.algo.rotate_left.exe.dir/Debug/unit/record/algo/rotate_left.cpp.o",629928,588933,135152
"clang","test/CMakeFiles/unit.record.algo.rotate_right.exe.dir/Debug/unit/record/algo/rotate_right.cpp.o",642227,593210,134604
"clang","test/CMakeFiles/unit.record.algo.transpose.exe.dir/Debug/unit/record/algo/transpose.cpp.o",701693,643719,137812
"clang","test/CMakeFiles/unit.record.algo.split.exe.dir/Debug/unit/record/algo/split.cpp.o",1183619,1110643,148612
"clang","test/CMakeFiles/unit.record.algo.unique.exe.dir/Debug/unit/record/algo/unique.cpp.o",1331412,1264442,163444
"clang","test/CMakeFiles/unit.record.algo.windows.exe.dir/Debug/unit/record/algo/windows.cpp.o",1333075,1256071,164744
"clang","test/CMakeFiles/unit.record.algo.zip.exe.dir/Debug/unit/record/algo/zip.cpp.o",782758,725776,138492
"clang","test/CMakeFiles/unit.record.api.aggregate_ctor.exe.dir/Debug/unit/record/api/aggregate_ctor.cpp.o",567270,517247,130508
"clang","test/CMakeFiles/unit.record.api.access.exe.dir/Debug/unit/record/api/access.cpp.o",1125904,1063910,158100
"clang","test/CMakeFiles/unit.record.api.builder.exe.dir/Debug/unit/record/api/builder.cpp.o",889761,826778,148240
"clang","test/CMakeFiles/unit.record.api.convert.exe.dir/Debug/unit/record/api/convert.cpp.o",894526,827562,149464
"clang","test/CMakeFiles/unit.record.api.ebo.exe.dir/Debug/unit/record/api/ebo.cpp.o",914593,855620,150944
"clang","test/CMakeFiles/unit.record.api.forward_as_record.exe.dir/Debug/unit/record/api/forward_as_record.cpp.o",855332,807370,148340
"clang","test/CMakeFiles/unit.record.api.make_record.exe.dir/Debug/unit/record/api/make_record.cpp.o",582126,539117,131384
"clang","test/CMakeFiles/unit.record.api.is_homogeneous.exe.dir/Debug/unit/record/api/is_homogeneous.cpp.o",843263,777243,146124
"clang","test/CMakeFiles/unit.record.api.tie_as_record.exe.dir/Debug/unit/record/api/tie_as_record.cpp.o",550994,506995,130556
"clang","test/CMakeFiles/unit.record.api.protocol.exe.dir/Debug/unit/record/api/protocol.cpp.o",901998,843999,146756
"clang","test/CMakeFiles/unit.record.api.to_ref.exe.dir/Debug/unit/record/api/to_ref.cpp.o",515967,475970,130064
"clang","test/CMakeFiles/unit.std.std.exe.dir/Debug/unit/std/std.cpp.o",838319,774371,144084
"clang","test/CMakeFiles/unit.tuple.algo.apply.exe.dir/Debug/unit/tuple/algo/apply.cpp.o",944614,872568,148252
"clang","test/CMakeFiles/unit.tuple.algo.apply_traits.exe.dir/Debug/unit/tuple/algo/apply_traits.cpp.o",588533,547496,132796
"clang","test/CMakeFiles/unit.tuple.algo.as_flat_ptr.exe.dir/Debug/unit/tuple/algo/as_flat_ptr.cpp.o",623596,578626,133956
"clang","test/CMakeFiles/unit.tuple.algo.back_front.exe.dir/Debug/unit/tuple/algo/back_front.cpp.o",893870,827880,148228
"clang","test/CMakeFiles/unit.tuple.algo.cartesian_product.exe.dir/Debug/unit/tuple/algo/cartesian_product.cpp.o",1081601,1018566,149144
"clang","test/CMakeFiles/unit.tuple.algo.cat.exe.dir/Debug/unit/tuple/algo/cat.cpp.o",1229711,1166726,160832
"clang","test/CMakeFiles/unit.tuple.algo.chunks.exe.dir/Debug/unit/tuple/algo/chunks.cpp.o",1091232,1025279,159912
"clang","test/CMakeFiles/unit.tuple.algo.compress.exe.dir/Debug/unit/tuple/algo/compress.cpp.o",953655,900619,152024
"clang","test/CMakeFiles/unit.tuple.algo.contains.exe.dir/Debug/unit/tuple/algo/contains.cpp.o",1024699,976667,153880
"clang","test/CMakeFiles/unit.tuple.algo.extract.exe.dir/Debug/unit/tuple/algo/extract.cpp.o",1082464,1011434,156440
"clang","test/CMakeFiles/unit.tuple.algo.fill.exe.dir/Debug/unit/tuple/algo/fill.cpp.o",523644,481673,128164
"clang","test/CMakeFiles/unit.tuple.algo.filter.exe.dir/Debug/unit/tuple/algo/filter.cpp.o",943582,879543,153340
"clang","test/CMakeFiles/unit.tuple.algo.filter_not.exe.dir/Debug/unit/tuple/algo/filter_not.cpp.o",997903,935909,155336
"clang","test/CMakeFiles/unit.tuple.algo.fold.exe.dir/Debug/unit/tuple/algo/fold.cpp.o",756851,704862,138296
"clang","test/CMakeFiles/unit.tuple.algo.for_each.exe.dir/Debug/unit/tuple/algo/for_each.cpp.o",581901,538909,130712
"clang","test/CMakeFiles/unit.tuple.algo.flatten.exe.dir/Debug/unit/tuple/algo/flatten.cpp.o",1655374,1561410,177512
"clang","test/CMakeFiles/unit.tuple.algo.generate.exe.dir/Debug/unit/tuple/algo/generate.cpp.o",540814,490832,130988
"clang","test/CMakeFiles/unit.tuple.algo.inner_product.exe.dir/Debug/unit/tuple/algo/inner_product.cpp.o",500520,463482,129376
"clang","test/CMakeFiles/unit.tuple.algo.iota.exe.dir/Debug/unit/tuple/algo/iota.cpp.o",532709,490732,128676
"clang","test/CMakeFiles/unit.tuple.algo.locate.exe.dir/Debug/unit/tuple/algo/locate.cpp.o",482578,438617,128140
"clang","test/CMakeFiles/unit.tuple.algo.map_index.exe.dir/Debug/unit/tuple/algo/map_index.cpp.o",534127,494193,130600
"clang","test/CMakeFiles/unit.tuple.algo.map.exe.dir/Debug/unit/tuple/algo/map.cpp.o",1102071,1027067,159292
"clang","test/CMakeFiles/unit.tuple.algo.map_traits.exe.dir/Debug/unit/tuple/algo/map_traits.cpp.o",489623,444658,129576
"clang","test/CMakeFiles/unit.tuple.algo.member_cast.exe.dir/Debug/unit/tuple/algo/member_cast.cpp.o",506202,467264,129940
"clang","test/CMakeFiles/unit.tuple.algo.max.exe.dir/Debug/unit/tuple/algo/max.cpp.o",675204,623189,134396
"clang","test/CMakeFiles/unit.tuple.algo.min.exe.dir/Debug/unit/tuple/algo/min.cpp.o",640264,597247,134880
"clang","test/CMakeFiles/unit.tuple.algo.partition.exe.dir/Debug/unit/tuple/algo/partition.cpp.o",1131481,1048519,159992
"clang","test/CMakeFiles/unit.tuple.algo.predicates.exe.dir/Debug/unit/tuple/algo/predicates.cpp.o",638203,592189,133348
"clang","test/CMakeFiles/unit.tuple.algo.reduce.exe.dir/Debug/unit/tuple/algo/reduce.cpp.o",782545,718583,137564
"clang","test/CMakeFiles/unit.tuple.algo.push_pop.exe.dir/Debug/unit/tuple/algo/push_pop.cpp.o",1052773,995786,155960
"clang","test/CMakeFiles/unit.tuple.algo.reindex.exe.dir/Debug/unit/tuple/algo/reindex.cpp.o",721086,678081,135676
"clang","test/CMakeFiles/unit.tuple.algo.remove.exe.dir/Debug/unit/tuple/algo/remove.cpp.o",1105871,1033880,155244
"clang","test/CMakeFiles/unit.tuple.algo.reorder.exe.dir/Debug/unit/tuple/algo/reorder.cpp.o",633506,595476,134628
"clang","test/CMakeFiles/unit.tuple.algo.rotate_left.exe.dir/Debug/unit/tuple/algo/rotate_left.cpp.o",541481,497442,130520
"clang","test/CMakeFiles/unit.tuple.algo.reverse.exe.dir/Debug/unit/tuple/algo/reverse.cpp.o",889749,839764,148892
"clang","test/CMakeFiles/unit.tuple.algo.rotate_right.exe.dir/Debug/unit/tuple/algo/rotate_right.cpp.o",551949,511953,129844
"clang","test/CMakeFiles/unit.tuple.algo.scan.exe.dir/Debug/unit/tuple/algo/scan.cpp.o",833700,781719,139320
"clang","test/CMakeFiles/unit.tuple.algo.split.exe.dir/Debug/unit/tuple/algo/split.cpp.o",1356378,1270354,162476
"clang","test/CMakeFiles/unit.tuple.algo.transpose.exe.dir/Debug/unit/tuple/algo/transpose.cpp.o",982905,908913,153924
"clang","test/CMakeFiles/unit.tuple.algo.unique.exe.dir/Debug/unit/tuple/algo/unique.cpp.o",1071353,1010333,158684
"clang","test/CMakeFiles/unit.tuple.algo.windows.exe.dir/Debug/unit/tuple/algo/windows.cpp.o",1092283,1014263,159624
"clang","test/CMakeFiles/unit.tuple.algo.zip.exe.dir/Debug/unit/tuple/algo/zip.cpp.o",1291957,1213960,161348
"clang","test/CMakeFiles/unit.tuple.api.access.exe.dir/Debug/unit/tuple/api/access.cpp.o",1306669,1226690,161496
"clang","test/CMakeFiles/unit.tuple.api.aggregate_ctor.exe.dir/Debug/unit/tuple/api/aggregate_ctor.cpp.o",534027,491025,129240
"clang","test/CMakeFiles/unit.tuple.api.adapt.exe.dir/Debug/unit/tuple/api/adapt.cpp.o",1085503,1014536,157772
"clang","test/CMakeFiles/unit.tuple.api.concepts.exe.dir/Debug/unit/tuple/api/concepts.cpp.o",488566,454597,127332
"clang","test/CMakeFiles/unit.tuple.api.builder.exe.dir/Debug/unit/tuple/api/builder.cpp.o",916177,865168,148028
"clang","test/CMakeFiles/unit.tuple.api.convert.exe.dir/Debug/unit/tuple/api/convert.cpp.o",991215,941205,153372
"clang","test/CMakeFiles/unit.tuple.api.ebo.exe.dir/Debug/unit/tuple/api/ebo.cpp.o",882649,818602,149548
"clang","test/CMakeFiles/unit.tuple.api.forward_as_tuple.exe.dir/Debug/unit/tuple/api/forward_as_tuple.cpp.o",827725,764670,145952
"clang","test/CMakeFiles/unit.tuple.api.is_homogeneous.exe.dir/Debug/unit/tuple/api/is_homogeneous.cpp.o",831957,765961,146096
"clang","test/CMakeFiles/unit.tuple.api.make_tuple.exe.dir/Debug/unit/tuple/api/make_tuple.cpp.o",903253,841236,147960
"clang","test/CMakeFiles/unit.tuple.api.protocol.exe.dir/Debug/unit/tuple/api/protocol.cpp.o",878096,818090,147048
"clang","test/CMakeFiles/unit.tuple.api.to_ref.exe.dir/Debug/unit/tuple/api/to_ref.cpp.o",465167,428234,127916
"clang","test/CMakeFiles/unit.tuple.api.tie.exe.dir/Debug/unit/tuple/api/tie.cpp.o",515770,476788,128804
"ld","unit/Debug/doc.infra.as.exe",41273,34519,71760
"ld","unit/Debug/doc.infra.as_streamable.exe",43872,29913,72628
"ld","unit/Debug/doc.infra.capture_field.exe",39588,33306,72756
"ld","unit/Debug/doc.infra.checked.exe",41037,30027,72544
"ld","unit/Debug/doc.infra.containers.exe",41003,34715,72224
"ld","unit/Debug/doc.infra.field_cast.exe",39722,30405,72972
"ld","unit/Debug/doc.infra.field_value_of.exe",38729,25957,72132
"ld","unit/Debug/doc.infra.flag.exe",40201,24121,72200
"ld","unit/Debug/doc.infra.identifier_of.exe",39131,27091,72516
"ld","unit/Debug/doc.infra.index.exe",39729,32206,72560
"ld","unit/Debug/doc.infra.label.exe",40402,30302,72096
"ld","unit/Debug/doc.infra.label_of.exe",39152,28109,72240
"ld","unit/Debug/doc.infra.members_of.exe",40230,30173,72972
"ld","unit/Debug/doc.infra.name.exe",40030,28299,72756
"ld","unit/Debug/doc.infra.named_get_udt.exe",41322,31274,72064
"ld","unit/Debug/doc.infra.only.exe",39686,30528,72132
"ld","unit/Debug/doc.infra.projections.exe",40123,33728,72240
"ld","unit/Debug/doc.infra.regular.exe",41958,33282,71868
"ld","unit/Debug/doc.infra.to_str.exe",39417,30971,72972
"ld","unit/Debug/doc.infra.typed_get_udt.exe",40640,30728,72484
"ld","unit/Debug/doc.infra.values_of.exe",41317,25823,72592
"ld","unit/Debug/doc.record.algo.all_of.exe",41733,31797,72540
"ld","unit/Debug/doc.record.algo.all_unique.exe",39875,28910,72068
"ld","unit/Debug/doc.record.algo.any_of.exe",40807,28864,71780
"ld","unit/Debug/doc.record.algo.apply.exe",40223,32375,72504
"ld","unit/Debug/doc.record.algo.apply_field.exe",40893,29922,71888
"ld","unit/Debug/doc.record.algo.as_flat_ptr.exe",44654,29989,72240
"ld","unit/Debug/doc.record.algo.back-front.exe",41853,32666,72560
"ld","unit/Debug/doc.record.algo.bit_and.exe",39791,33541,72544
"ld","unit/Debug/doc.record.algo.bit_or.exe",40632,32506,72716
"ld","unit/Debug/doc.record.algo.bit_xor.exe",40427,28595,72872
"ld","unit/Debug/doc.record.algo.cartesian_product.exe",49947,34534,72224
"ld","unit/Debug/doc.record.algo.cat.exe",43379,33291,72168
"ld","unit/Debug/doc.record.algo.chunks.exe",43470,29198,72224
"ld","unit/Debug/doc.record.algo.compress.exe",40818,31858,72192
"ld","unit/Debug/doc.record.algo.contains.exe",40551,28386,72504
"ld","unit/Debug/doc.record.algo.contains_any.exe",40626,26407,72556
"ld","unit/Debug/doc.record.algo.contains_none.exe",39952,29964,72132
"ld","unit/Debug/doc.record.algo.contains_only.exe",40397,29288,72132
"ld","unit/Debug/doc.record.algo.count.exe",40746,29814,71768
"ld","unit/Debug/doc.record.algo.count_if.exe",40997,31998,72872
"ld","unit/Debug/doc.record.algo.exclusive_scan_left.exe",42755,28835,72476
"ld","unit/Debug/doc.record.algo.exclusive_scan_right.exe",41933,30951,72068
"ld","unit/Debug/doc.record.algo.extract.exe",41266,33050,72872
"ld","unit/Debug/doc.record.algo.filter.exe",40898,28928,71780
"ld","unit/Debug/doc.record.algo.filter_not.exe",41455,29322,71780
"ld","unit/Debug/doc.record.algo.flatten.exe",41586,31937,72224
"ld","unit/Debug/doc.record.algo.flatten_all.exe",46762,32833,72132
"ld","unit/Debug/doc.record.algo.fold_left.exe",41318,30233,72132
"ld","unit/Debug/doc.record.algo.fold_right.exe",41837,29884,71888
"ld","unit/Debug/doc.record.algo.for_each.exe",39828,30277,72132
"ld","unit/Debug/doc.record.algo.for_each_field.exe",40764,30472,72972
"ld","unit/Debug/doc.record.algo.inclusive_scan_left.exe",41416,32671,72564
"ld","unit/Debug/doc.record.algo.inclusive_scan_right.exe",42842,32113,72544
"ld","unit/Debug/doc.record.algo.inner_product.exe",39649,24781,72476
"ld","unit/Debug/doc.record.algo.locate.exe",40585,25046,72240
"ld","unit/Debug/doc.record.algo.map.exe",39864,31687,72452
"ld","unit/Debug/doc.record.algo.map_field.exe",40752,32602,72068
"ld","unit/Debug/doc.record.algo.map_reduce.exe",40544,26700,71888
"ld","unit/Debug/doc.record.algo.max.exe",41992,33994,71780
"ld","unit/Debug/doc.record.algo.max_flat.exe",39988,23993,72628
"ld","unit/Debug/doc.record.algo.member_cast.exe",39957,26971,72068
"ld","unit/Debug/doc.record.algo.min.exe",41278,33416,72560
"ld","unit/Debug/doc.record.algo.min_flat.exe",39181,25136,72544
"ld","unit/Debug/doc.record.algo.none_of.exe",39165,30125,72872
"ld","unit/Debug/doc.record.algo.partition.exe",42334,26582,72752
"ld","unit/Debug/doc.record.algo.pop_back.exe",40836,33864,72540
"ld","unit/Debug/doc.record.algo.pop_front.exe",41304,26193,72544
"ld","unit/Debug/doc.record.algo.prod.exe",39983,30987,71780
"ld","unit/Debug/doc.record.algo.push_back.exe",40711,30782,72112
"ld","unit/Debug/doc.record.algo.push_front.exe",39618,30704,72052
"ld","unit/Debug/doc.record.algo.reduce.exe",42535,28357,72068
"ld","unit/Debug/doc.record.algo.reindex.exe",40860,31319,72068
"ld","unit/Debug/doc.record.algo.remove.exe",41864,35884,72560
"ld","unit/Debug/doc.record.algo.reorder.exe",40241,31187,72224
"ld","unit/Debug/doc.record.algo.reorder_fields.exe",41547,29387,71736
"ld","unit/Debug/doc.record.algo.reverse.exe",42864,25945,72008
"ld","unit/Debug/doc.record.algo.rotate_left.exe",40300,27522,72240
"ld","unit/Debug/doc.record.algo.rotate_right.exe",41083,29059,72900
"ld","unit/Debug/doc.record.algo.split.exe",41875,31905,72564
"ld","unit/Debug/doc.record.algo.sum.exe",42540,28360,72504
"ld","unit/Debug/doc.record.algo.tiles.exe",42228,30163,72496
"ld","unit/Debug/doc.record.algo.transpose.exe",42843,32880,71888
"ld","unit/Debug/doc.record.algo.unique.exe",40928,33317,72592
"ld","unit/Debug/doc.record.algo.windows.exe",42928,32203,72544
"ld","unit/Debug/doc.record.algo.zip.exe",42996,31997,72872
"ld","unit/Debug/doc.record.algo.zip_min.exe",43041,34033,72504
"ld","unit/Debug/doc.record.api.adapt.exe",41591,28404,72560
"ld","unit/Debug/doc.record.api.forward_as_record.exe",40622,33687,72476
"ld","unit/Debug/doc.record.api.from_record.exe",42060,32335,72412
"ld","unit/Debug/doc.record.api.get.exe",40596,29055,72068
"ld","unit/Debug/doc.record.api.introduction.exe",41575,32290,72052
"ld","unit/Debug/doc.record.api.labeled_get.exe",42782,32168,72576
"ld","unit/Debug/doc.record.api.labeled_subscript.exe",40341,28239,71780
"ld","unit/Debug/doc.record.api.make_record.exe",41989,31617,72496
"ld","unit/Debug/doc.record.api.named_get.exe",40259,28583,72068
"ld","unit/Debug/doc.record.api.named_subscript.exe",41811,29194,72068
"ld","unit/Debug/doc.record.api.subscript.exe",42060,29042,72472
"ld","unit/Debug/doc.record.api.tie_as_record.exe",41312,29221,72388
"ld","unit/Debug/doc.record.api.to_record.exe",40404,26927,72000
"ld","unit/Debug/doc.record.api.to_ref.exe",40663,31514,72504
"ld","unit/Debug/doc.record.api.typed_get.exe",39862,30893,72068
"ld","unit/Debug/doc.record.api.typed_subscript.exe",41118,33095,72560
"ld","unit/Debug/doc.tuple.algo.all_of.exe",40284,32033,72476
"ld","unit/Debug/doc.tuple.algo.all_unique.exe",38851,25901,72564
"ld","unit/Debug/doc.tuple.algo.any_of.exe",41288,28541,72564
"ld","unit/Debug/doc.tuple.algo.apply.exe",41118,29084,72472
"ld","unit/Debug/doc.tuple.algo.as_flat_ptr.exe",41670,30155,71780
"ld","unit/Debug/doc.tuple.algo.back-front.exe",40908,25942,72716
"ld","unit/Debug/doc.tuple.algo.bit_and.exe",40830,28581,72748
"ld","unit/Debug/doc.tuple.algo.bit_or.exe",41326,32255,71888
"ld","unit/Debug/doc.tuple.algo.bit_xor.exe",40573,34636,72476
"ld","unit/Debug/doc.tuple.algo.cartesian_product.exe",45028,30517,72744
"ld","unit/Debug/doc.tuple.algo.cat.exe",40463,33382,72592
"ld","unit/Debug/doc.tuple.algo.chunks.exe",43298,32222,72592
"ld","unit/Debug/doc.tuple.algo.compress.exe",40155,32124,72132
"ld","unit/Debug/doc.tuple.algo.contains.exe",40270,29196,72872
"ld","unit/Debug/doc.tuple.algo.contains_any.exe",41308,29218,72476
"ld","unit/Debug/doc.tuple.algo.contains_none.exe",41421,30308,72200
"ld","unit/Debug/doc.tuple.algo.contains_only.exe",39695,31756,72872
"ld","unit/Debug/doc.tuple.algo.count.exe",40472,27319,72068
"ld","unit/Debug/doc.tuple.algo.count_if.exe",40617,32044,72112
"ld","unit/Debug/doc.tuple.algo.exclusive_scan_left.exe",41951,33961,72972
"ld","unit/Debug/doc.tuple.algo.exclusive_scan_right.exe",41817,28874,72504
"ld","unit/Debug/doc.tuple.algo.extract.exe",40921,27946,72556
"ld","unit/Debug/doc.tuple.algo.fill.exe",41112,31367,72068
"ld","unit/Debug/doc.tuple.algo.filter.exe",43123,30086,72504
"ld","unit/Debug/doc.tuple.algo.filter_not.exe",40584,30438,72860
"ld","unit/Debug/doc.tuple.algo.flatten.exe",43475,29642,72544
"ld","unit/Debug/doc.tuple.algo.flatten_all.exe",44470,35374,72472
"ld","unit/Debug/doc.tuple.algo.fold_left.exe",41660,32733,72972
"ld","unit/Debug/doc.tuple.algo.fold_right.exe",43427,34140,72224
"ld","unit/Debug/doc.tuple.algo.for_each.exe",43230,34182,72756
"ld","unit/Debug/doc.tuple.algo.for_each_field.exe",40887,29643,71812
"ld","unit/Debug/doc.tuple.algo.for_each_index.exe",40679,33734,72976
"ld","unit/Debug/doc.tuple.algo.generate.exe",40930,28285,72240
"ld","unit/Debug/doc.tuple.algo.inclusive_scan_left.exe",42941,32955,72564
"ld","unit/Debug/doc.tuple.algo.inclusive_scan_right.exe",40863,31893,72128
"ld","unit/Debug/doc.tuple.algo.inner_product.exe",41261,33210,72068
"ld","unit/Debug/doc.tuple.algo.iota.exe",41592,28046,71800
"ld","unit/Debug/doc.tuple.algo.locate.exe",40095,29535,72472
"ld","unit/Debug/doc.tuple.algo.map.exe",42874,28915,71776
"ld","unit/Debug/doc.tuple.algo.map_index.exe",41025,31019,72972
"ld","unit/Debug/doc.tuple.algo.map_reduce.exe",42469,28313,72152
"ld","unit/Debug/doc.tuple.algo.max.exe",40840,28225,72068
"ld","unit/Debug/doc.tuple.algo.max_flat.exe",40500,29995,72852
"ld","unit/Debug/doc.tuple.algo.member_cast.exe",41069,29049,72564
"ld","unit/Debug/doc.tuple.algo.min.exe",43846,29895,72852
"ld","unit/Debug/doc.tuple.algo.min_flat.exe",42221,34179,72128
"ld","unit/Debug/doc.tuple.algo.none_of.exe",41046,28032,71828
"ld","unit/Debug/doc.tuple.algo.partition.exe",42626,29739,72128
"ld","unit/Debug/doc.tuple.algo.pop_back.exe",41878,30910,72544
"ld","unit/Debug/doc.tuple.algo.pop_front.exe",40586,31677,72568
"ld","unit/Debug/doc.tuple.algo.prod.exe",41191,29983,71096
"ld","unit/Debug/doc.tuple.algo.push_back.exe",42218,30042,71816
"ld","unit/Debug/doc.tuple.algo.push_front.exe",41560,26075,69772
"ld","unit/Debug/doc.tuple.algo.reduce.exe",42058,28039,70168
"ld","unit/Debug/doc.tuple.algo.remove.exe",43186,32139,69536
"ld","unit/Debug/doc.tuple.algo.reindex.exe",43511,35263,70124
"ld","unit/Debug/doc.tuple.algo.reorder.exe",41214,31162,71388
"ld","unit/Debug/doc.tuple.algo.reverse.exe",41181,32697,71540
"ld","unit/Debug/doc.tuple.algo.rotate_left.exe",42456,30970,71648
"ld","unit/Debug/doc.tuple.algo.rotate_right.exe",42993,33995,71068
"ld","unit/Debug/doc.tuple.algo.sum.exe",42016,29011,70736
"ld","unit/Debug/doc.tuple.algo.split.exe",42212,31007,71724
"ld","unit/Debug/doc.tuple.algo.transpose.exe",41993,35994,71608
"ld","unit/Debug/doc.tuple.algo.tiles.exe",43611,31055,71972
"ld","unit/Debug/doc.tuple.algo.unique.exe",41897,31922,70044
"ld","unit/Debug/doc.tuple.algo.windows.exe",43813,31864,70412
"ld","unit/Debug/doc.tuple.algo.zip_max.exe",41799,26871,70728
"ld","unit/Debug/doc.tuple.algo.zip.exe",42182,29136,70568
"ld","unit/Debug/doc.tuple.api.adapt.exe",41016,28011,71060
"ld","unit/Debug/doc.tuple.algo.zip_min.exe",42243,33191,72096
"ld","unit/Debug/doc.tuple.api.as_tuple.exe",41442,28005,69928
"ld","unit/Debug/doc.tuple.api.cast.exe",42021,28014,69880
"ld","unit/Debug/doc.tuple.api.from_tuple.exe",42062,29043,68528
"ld","unit/Debug/doc.tuple.api.forward_as_tuple.exe",42231,31171,68756
"ld","unit/Debug/doc.tuple.api.get.exe",41747,31179,68776
"ld","unit/Debug/doc.tuple.api.introduction.exe",43057,33044,68372
"ld","unit/Debug/doc.tuple.api.labeled_get.exe",41594,26969,72112
"ld","unit/Debug/doc.tuple.api.labeled_subscript.exe",41628,32999,71472
"ld","unit/Debug/doc.tuple.api.named_get.exe",42758,34614,72084
"ld","unit/Debug/doc.tuple.api.make_tuple.exe",42796,32607,71444
"ld","unit/Debug/doc.tuple.api.named_subscript.exe",42424,28283,71688
"ld","unit/Debug/doc.tuple.api.soa.exe",43514,31371,72084
"ld","unit/Debug/doc.tuple.api.subscript.exe",40717,29793,69808
"ld","unit/Debug/doc.tuple.api.tie.exe",41686,30169,69860
"ld","unit/Debug/doc.tuple.api.to_ref.exe",40237,26154,69924
"ld","unit/Debug/doc.tuple.api.to_tuple.exe",40360,29261,69544
"ld","unit/Debug/doc.tuple.api.typed_get.exe",42677,31239,69692
"ld","unit/Debug/doc.tuple.api.typed_subscript.exe",43102,31074,69144
"ld","unit/Debug/unit.infra.concepts.exe",48603,34427,69032
"ld","unit/Debug/unit.infra.common_reference.exe",48718,30247,69024
"ld","unit/Debug/unit.infra.containers.exe",48724,34803,69764
"ld","unit/Debug/unit.infra.field.exe",48960,34972,70664
"ld","unit/Debug/unit.infra.identifier.exe",50547,41449,71200
"ld","unit/Debug/unit.infra.get_helper.exe",50910,38530,70528
"ld","unit/Debug/unit.infra.projection_map.exe",49076,32182,68748
"ld","unit/Debug/unit.infra.make_streamable.exe",50662,35886,69356
"ld","unit/Debug/unit.infra.std_type_traits.exe",46794,33851,71544
"ld","unit/Debug/unit.infra.str.exe",47866,31911,71744
"ld","unit/Debug/unit.record.algo.apply.exe",50538,35377,70476
"ld","unit/Debug/unit.record.algo.as_flat_ptr.exe",51717,40563,69864
"ld","unit/Debug/unit.record.algo.back_front.exe",51534,38398,68136
"ld","unit/Debug/unit.record.algo.cartesian_product.exe",59835,37365,68132
"ld","unit/Debug/unit.record.algo.cat.exe",50817,34875,72040
"ld","unit/Debug/unit.record.algo.chunks.exe",51851,35584,72564
"ld","unit/Debug/unit.record.algo.compress.exe",55792,34870,72472
"ld","unit/Debug/unit.record.algo.contains.exe",50207,35145,72504
"ld","unit/Debug/unit.record.algo.filter.exe",53005,35432,71336
"ld","unit/Debug/unit.record.algo.extract.exe",53119,36104,71644
"ld","unit/Debug/unit.record.algo.filter_not.exe",52714,34811,71592
"ld","unit/Debug/unit.record.algo.flatten.exe",59388,41986,71964
"ld","unit/Debug/unit.record.algo.fold.exe",50130,37305,72132
"ld","unit/Debug/unit.record.algo.for_each.exe",51187,32222,72868
"ld","unit/Debug/unit.record.algo.inner_product.exe",50814,36865,71888
"ld","unit/Debug/unit.record.algo.locate.exe",48842,36154,72560
"ld","unit/Debug/unit.record.algo.map.exe",50569,34387,72592
"ld","unit/Debug/unit.record.algo.map_field.exe",50765,37825,72972
"ld","unit/Debug/unit.record.algo.member_cast.exe",49348,35531,67556
"ld","unit/Debug/unit.record.algo.max.exe",50858,38948,67764
"ld","unit/Debug/unit.record.algo.min.exe",50275,34187,67744
"ld","unit/Debug/unit.record.algo.partition.exe",52534,38212,67752
"ld","unit/Debug/unit.record.algo.predicates.exe",50601,31750,70140
"ld","unit/Debug/unit.record.algo.push_pop.exe",51665,34775,69392
"ld","unit/Debug/unit.record.algo.reindex.exe",50460,34782,71812
"ld","unit/Debug/unit.record.algo.reduce.exe",51615,35422,71172
"ld","unit/Debug/unit.record.algo.reorder.exe",50358,32229,70696
"ld","unit/Debug/unit.record.algo.remove.exe",50866,35083,70068
"ld","unit/Debug/unit.record.algo.reverse.exe",48518,34367,70580
"ld","unit/Debug/unit.record.algo.rotate_left.exe",49533,34370,70228
"ld","unit/Debug/unit.record.algo.rotate_right.exe",48863,32908,68148
"ld","unit/Debug/unit.record.algo.split.exe",54376,35244,67784
"ld","unit/Debug/unit.record.algo.transpose.exe",48503,37599,72488
"ld","unit/Debug/unit.record.algo.unique.exe",52752,33841,72868
"ld","unit/Debug/unit.record.algo.windows.exe",53690,42113,72972
"ld","unit/Debug/unit.record.algo.zip.exe",50217,38885,72068
"ld","unit/Debug/unit.record.api.aggregate_ctor.exe",50909,37932,72068
"ld","unit/Debug/unit.record.api.access.exe",51367,35669,72544
"ld","unit/Debug/unit.record.api.builder.exe",48791,33317,71260
"ld","unit/Debug/unit.record.api.convert.exe",48966,32977,72104
"ld","unit/Debug/unit.record.api.forward_as_record.exe",48874,32035,71220
"ld","unit/Debug/unit.record.api.ebo.exe",48978,32116,71808
"ld","unit/Debug/unit.record.api.make_record.exe",48750,33669,70932
"ld","unit/Debug/unit.record.api.is_homogeneous.exe",49151,31591,70964
"ld","unit/Debug/unit.record.api.protocol.exe",49378,38293,70100
"ld","unit/Debug/unit.record.api.tie_as_record.exe",50012,36182,70460
"ld","unit/Debug/unit.std.std.exe",48186,32124,67320
"ld","unit/Debug/unit.record.api.to_ref.exe",48666,34999,67676
"ld","unit/Debug/unit.tuple.algo.apply_traits.exe",47565,37658,71200
"ld","unit/Debug/unit.tuple.algo.apply.exe",48427,35312,71364
"ld","unit/Debug/unit.tuple.algo.back_front.exe",49226,35162,71008
"ld","unit/Debug/unit.tuple.algo.as_flat_ptr.exe",49893,38525,71704
"ld","unit/Debug/unit.tuple.algo.cat.exe",52482,36334,71172
"ld","unit/Debug/unit.tuple.algo.cartesian_product.exe",54853,39647,71552
"ld","unit/Debug/unit.tuple.algo.compress.exe",50252,38971,69872
"ld","unit/Debug/unit.tuple.algo.chunks.exe",51434,38454,70544
"ld","unit/Debug/unit.tuple.algo.extract.exe",50274,32530,71068
"ld","unit/Debug/unit.tuple.algo.contains.exe",50671,35768,72196
"ld","unit/Debug/unit.tuple.algo.fill.exe",49309,36227,69564
"ld","unit/Debug/unit.tuple.algo.filter.exe",49702,37277,69824
"ld","unit/Debug/unit.tuple.algo.filter_not.exe",50007,35005,71668
"ld","unit/Debug/unit.tuple.algo.flatten.exe",55476,37152,71020
"ld","unit/Debug/unit.tuple.algo.fold.exe",48409,34290,72540
"ld","unit/Debug/unit.tuple.algo.for_each.exe",49014,36527,72508
"ld","unit/Debug/unit.tuple.algo.generate.exe",48452,32631,72220
"ld","unit/Debug/unit.tuple.algo.inner_product.exe",47794,30022,72972
"ld","unit/Debug/unit.tuple.algo.locate.exe",47726,36115,67288
"ld","unit/Debug/unit.tuple.algo.iota.exe",48786,34046,67084
"ld","unit/Debug/unit.tuple.algo.map_index.exe",48397,30248,70712
"ld","unit/Debug/unit.tuple.algo.map.exe",51189,34809,70856
"ld","unit/Debug/unit.tuple.algo.map_traits.exe",47289,33027,71780
"ld","unit/Debug/unit.tuple.algo.max.exe",49847,37405,72892
"ld","unit/Debug/unit.tuple.algo.member_cast.exe",48431,30640,71644
"ld","unit/Debug/unit.tuple.algo.min.exe",49473,35774,71496
"ld","unit/Debug/unit.tuple.algo.predicates.exe",50388,35272,71040
"ld","unit/Debug/unit.tuple.algo.partition.exe",51817,36870,71960
"ld","unit/Debug/unit.tuple.algo.push_pop.exe",51538,35680,70472
"ld","unit/Debug/unit.tuple.algo.reduce.exe",51762,33922,70172
"ld","unit/Debug/unit.tuple.algo.remove.exe",52024,34016,70852
"ld","unit/Debug/unit.tuple.algo.reindex.exe",52052,36036,71804
"ld","unit/Debug/unit.tuple.algo.reverse.exe",49039,31025,71244
"ld","unit/Debug/unit.tuple.algo.reorder.exe",50782,40825,71172
"ld","unit/Debug/unit.tuple.algo.rotate_left.exe",49919,35942,70952
"ld","unit/Debug/unit.tuple.algo.rotate_right.exe",50136,32087,71620
"ld","unit/Debug/unit.tuple.algo.scan.exe",50775,37844,71848
"ld","unit/Debug/unit.tuple.algo.split.exe",54261,33885,71780
"ld","unit/Debug/unit.tuple.algo.transpose.exe",50475,31295,72360
"ld","unit/Debug/unit.tuple.algo.unique.exe",49159,34000,72068
"ld","unit/Debug/unit.tuple.algo.windows.exe",52117,38264,67304
"ld","unit/Debug/unit.tuple.algo.zip.exe",52434,38317,67420
"ld","unit/Debug/unit.tuple.api.adapt.exe",52879,38911,70440
"ld","unit/Debug/unit.tuple.api.access.exe",54839,39926,70240
"ld","unit/Debug/unit.tuple.api.aggregate_ctor.exe",48035,34025,69312
"ld","unit/Debug/unit.tuple.api.builder.exe",48273,33996,69608
"ld","unit/Debug/unit.tuple.api.concepts.exe",49476,31665,69804
"ld","unit/Debug/unit.tuple.api.convert.exe",50705,32041,70252
"ld","unit/Debug/unit.tuple.api.forward_as_tuple.exe",49042,29025,71140
"ld","unit/Debug/unit.tuple.api.ebo.exe",49895,34927,71336
"ld","unit/Debug/unit.tuple.api.make_tuple.exe",47705,30810,68152
"ld","unit/Debug/unit.tuple.api.is_homogeneous.exe",47741,29972,68828
"ld","unit/Debug/unit.tuple.api.protocol.exe",49283,39014,71760
"ld","unit/Debug/unit.tuple.api.tie.exe",49586,32727,71864
"ld","unit/Debug/unit.tuple.api.to_ref.exe",45129,34098,72476
